localizacao,descricao,detalhe_segundario,data,qtd_noites,valor,nota_media,qtd_avaliacoes
Apartamento em São Paulo,Loft 825 : Cinema com banheira e vista!,Cancelamento gratuito,29 de jun. – 4 de jul.,5,1872.0,4.91,162
Ônibus em Mairiporã,Refúgio Manjerico. 40 min de SP,Cancelamento gratuito,20 – 25 de jul.,5,2956.0,4.91,145
Apartamento em São Paulo,Stay Alto | Studio luxuoso com banheira e vista,Cancelamento gratuito,23 – 28 de jun.,5,3013.0,4.98,123
Pousada em São Roque,Chalé Margarida Sítio Lar da Terra /Café da manhã,Cancelamento gratuito,6 – 11 de jul.,5,2900.0,4.94,177
Apartamento em São Paulo,Duque’s Loft - Conforto e luxo,Cancelamento gratuito,22 – 27 de jun.,5,2824.0,4.98,88
Apartamento em São Paulo,Jacuzzi e Vista incrível - Estilo Grego - Niemeyer,Cancelamento gratuito,29 de jun. – 4 de jul.,5,1563.0,4.84,50
Apartamento em São Paulo,Mirante Arcos: banheira e vista no 37º andar,Cancelamento gratuito,25 – 30 de jun.,5,3079.0,4.9,39
Apartamento em São Paulo,"3606-1: apt com banheira, cinema,projetor, vista!",Cancelamento gratuito,22 – 27 de jun.,5,2396.0,4.83,103
Apartamento em São Paulo,Mini Rooftop - Celebre Momentos Especiais Aqui,1 cama,6 – 11 de jul.,5,2037.0,4.94,240
Casa de hóspedes em Itapecerica da Serra,Descanso no lago 40min. de SP. Girassol,Cancelamento gratuito,4 – 9 de ago.,5,849.0,5.0,35
Cabana em Mairiporã,Tiny House da Serra - Romântica só 35 min de SP,Cancelamento gratuito,3 – 8 de ago.,5,2296.0,4.95,160
Cabana em São Roque,Cabana do Sagui - Refúgio a 5min da Rota do Vinho,Cancelamento gratuito,29 de jul. – 3 de ago.,5,3693.25,5.0,6
Apartamento em São Paulo,"LOFT 3802 Completo, Vista Incrível de SP 38º Andar",2 camas,22 – 27 de jun.,5,1438.0,4.89,251
Cabana em Mairiporã,Hospedaria Callegari - Rosa,Cancelamento gratuito,19 – 24 de jul.,5,3693.25,4.9,41
Cabana em Mairiporã,Chalé na Montanha em Mairiporã - 3,Cancelamento gratuito,28 de jun. – 3 de jul.,5,3081.0,5.0,25
Apartamento em São Paulo,Apto em Moema | Aero Congonhas 924,Cancelamento gratuito,29 de jun. – 4 de jul.,5,1563.0,4.97,38
Casa em Mairiporã,Casa com linda vista da Serra da Cantareira,2 camas,9 – 14 de jun.,5,2488.0,4.93,85
Microcasa em São Roque,Tiny-House 2 na Montanha - Estrada do Vinho,Cancelamento gratuito,5 – 10 de ago.,5,1803.0,5.0,44
Casa de hóspedes em Mairiporã,Chalé1 Vintage Serra Cantareira,1 cama,15 – 20 de jun.,5,1369.0,4.88,112
Chalé em Mairiporã,Chalé na Montanha em Mairiporã - 1,Cancelamento gratuito,21 – 26 de jun.,5,2990.0,4.99,89
Apartamento em São Paulo,Banheira com vista | AC | 32º andar,Cancelamento gratuito,16 – 21 de jun.,5,2895.0,4.7,211
Cabana em Mairiporã,Hospedaria Callegari - Lavanda,Cancelamento gratuito,2 – 7 de ago.,5,3693.25,4.96,55
Apartamento em São Paulo,Hidro em Apto Spa! Projete o Industrial-Arq Niemeyer,Cancelamento gratuito,15 – 20 de jun.,5,1535.0,4.74,181
Apartamento em São Paulo,Banheira + Cinema + Vista + Design no #SampaSky,1 cama,22 – 27 de jun.,5,3693.25,4.76,347
Cabana em São Roque,Chalé com hidro e café da manhã na Rota do Vinho,1 cama queen,29 de jun. – 4 de jul.,5,3649.0,5.0,185
Apartamento em São Paulo,Loft com Jacuzzi privativa,1 cama,29 de jun. – 4 de jul.,5,2225.0,4.97,122
Apartamento em São Paulo,Studio em Santana com piscina- 94,Cancelamento gratuito,22 – 27 de jun.,5,1535.0,4.87,54
Apartamento em Campos Elíseos,Cobertura de vidro com vista para São Paulo,1 cama de casal,6 – 11 de jul.,5,1167.0,4.93,505
Apartamento em São Paulo,Ap novo proximo ao Metrô e Theatro Municipal,1 cama queen,9 – 14 de jun.,5,750.0,4.69,309
Apartamento em São Paulo,@estudionewbe - Apartamento moderno no Mirante do Vale,1 cama,7 – 12 de jul.,5,2054.0,4.84,57
Casa em Vila Formosa,Seu Refugio,4 camas,10 – 15 de jun.,5,2066.0,4.98,243
Apartamento em São Paulo,"Vista do Vale! 33ºAndar, Jacuzzi e Café no Centro!",Cancelamento gratuito,22 – 27 de jun.,5,3098.0,4.85,40
Cabana em Mairiporã,Chalé Quietude,Cancelamento gratuito,28 de jul. – 2 de ago.,5,1986.0,4.98,101
Apartamento em São Paulo,Vista panorâmica no Copan,Cancelamento gratuito,23 – 28 de jun.,5,1360.0,4.91,123
Apartamento em São Paulo,Loft 2725: paraíso nas alturas!,Cancelamento gratuito,20 – 25 de jun.,5,1925.0,4.94,125
Chalé em Mairiporã,Casa na natureza na Serra da Cantareira com hidro,Cancelamento gratuito,30 de jun. – 5 de jul.,5,3652.0,4.93,85
Quarto em Mairiporã,Pousada Paraíso dos Lagos - S3,,29 de jun. – 4 de jul.,5,1341.0,5.0,8
Cabana em Ibiúna,Chalé Azul próx. Estrada Vinho,1 cama king,9 – 14 de jun.,5,2796.0,5.0,43
Loft em São Paulo,2819 - Aconchegante Studio Urbano,Cancelamento gratuito,22 – 27 de jun.,5,810.0,4.81,200
Apartamento em Consolação,Studio moderno próximo ao metrô.,Cancelamento gratuito,27 de jul. – 1 de ago.,5,941.0,4.91,984
Cabana em Mairiporã,Hospedaria Callegari - Orquídea,Cancelamento gratuito,22 – 27 de jun.,5,3240.0,5.0,29
Apartamento em São Paulo,Lindo Studio de 30m perto do Metrô- 112,Cancelamento gratuito,16 – 21 de jun.,5,1569.0,4.98,40
Apartamento em São Paulo,Boho SampaSky: banheira e vista no 19° andar,Cancelamento gratuito,16 – 21 de jun.,5,3002.0,4.93,73
Cabana em Mairiporã,Chalé na Montanha em Mairiporã - 2,Cancelamento gratuito,22 – 27 de jun.,5,2625.0,5.0,67
Quarto em São Paulo,Suíte em apartamento de alto padrão,,29 de jun. – 4 de jul.,5,799.0,4.99,93
Apartamento em São Paulo,A Casa do Marujo em SP,1 cama,29 de jun. – 4 de jul.,5,1253.0,4.59,39
Apartamento em São Paulo,studio 1406_ambiência modernista,Cancelamento gratuito,6 – 11 de jul.,5,1340.0,0.0,0
Apartamento em São Paulo,16 Apt próx shopping Anália Franc,1 cama,9 – 14 de jun.,5,767.0,4.96,147
Cabana em Itapecerica da Serra,Chalé no lago 40min. de SP Primavera,1 cama,13 – 18 de jul.,5,969.0,4.97,90
Apartamento em São Paulo,Estúdio Encantador a 350m metrô,Cancelamento gratuito,29 de jun. – 4 de jul.,5,874.0,4.83,245
Apartamento em São Paulo,Magnífico Studio Consolação,Cancelamento gratuito,29 de jun. – 4 de jul.,5,874.0,4.84,230
Casa em Mairiporã,Refúgio Terracota 35 min de SP bioconstruída,Cancelamento gratuito,6 – 11 de jul.,5,2890.0,4.9,87
Apartamento em São Paulo,Loft2025: Vista Deslumbrante,1 cama,9 – 14 de jun.,5,1636.0,4.8,64
Loft em São Paulo,Loft 3903 MiraQueBelo andar 39!,2 camas,9 – 14 de jun.,5,1333.0,4.83,278
Loft em São Paulo,Vibrant Nose Studio SP Heights,Cancelamento gratuito,23 – 28 de jun.,5,1025.0,4.93,264
Apartamento em São Paulo,Studio moderno apenas 4 min a pé do Allianz Parque,Cancelamento gratuito,16 – 21 de jun.,5,1238.0,5.0,13
Lugar para ficar em São Paulo,Loft maravilhoso na beira da represa Guarapiranga,1 cama de casal,24 – 29 de jun.,5,1910.0,4.99,129
Apartamento em Guarulhos,"Aeroporto de Gru, Vista Livre, Piscina e Academia",Cancelamento gratuito,21 – 26 de jul.,5,1210.0,4.88,17
Loft em São Paulo,Loft 1711 completo com vista incrível de SP,Cancelamento gratuito,22 – 27 de jun.,5,1426.0,4.98,55
Apartamento em São Paulo,Jeri Sampa Spa: banheira e vista no 37º andar,Cancelamento gratuito,23 – 28 de jun.,5,2523.0,4.75,16
Chalé em Mairiporã,"N.V: Le Petit Château: 2 Jacuzzis, Vista e Natureza",Cancelamento gratuito,4 – 9 de ago.,5,3661.0,5.0,23
Quarto em Mairiporã,Cabana na natureza,,22 – 27 de jun.,5,1301.0,5.0,4
Apartamento em São Paulo,Belo Studio Centro de SP,Cancelamento gratuito,27 de jun. – 2 de jul.,5,965.0,4.86,175
Microcasa em Cotia,"Refúgio romântico banheira/ lareira ext, piscina.",Cancelamento gratuito,23 – 28 de jun.,5,2272.0,4.98,43
Apartamento em São Paulo,Loft Botique Aconchegante,1 cama queen,26 – 31 de jul.,5,566.0,4.99,102
Casa de hóspedes em Mairiporã,Chalé da Cantareira uma experiência incrível.,2 camas,9 – 14 de jun.,5,2876.0,4.88,171
Apartamento em São Paulo,Studio Aconchegante coração SP,Cancelamento gratuito,23 – 28 de jun.,5,1060.0,4.84,306
Apartamento em São Paulo,Loft 3221: Luxo Contemporâneo,Cancelamento gratuito,13 – 18 de jun.,5,1670.0,4.91,58
Quarto em Mairiporã,Uma cabana na natureza,,22 – 27 de jun.,5,1301.0,0.0,0
Apartamento em São Paulo,Jacuzzi privada e diamantes nas estrelas.,2 camas,21 – 26 de jun.,5,2847.0,5.0,128
Apartamento em São Paulo,Ap Encantador c/ Vista Incrível - 37th - #SampaSky,Cancelamento gratuito,15 – 20 de jun.,5,1125.0,4.7,90
Apartamento em São Paulo,Studio Retrô República luxo - FM,Cancelamento gratuito,30 de jun. – 5 de jul.,5,970.0,4.88,16
Casa de hóspedes em Jardim Novo Embu,Chalé charmoso em chácara com piscina no Embu,3 camas de casal,15 – 20 de jun.,5,2111.0,4.94,272
Apartamento em São Paulo,Stúdio com vaga a 600m do Allianz Parque,Cancelamento gratuito,16 – 21 de jun.,5,1396.0,4.97,38
Casa de hóspedes em Mairiporã,Chalé Vintage Serra Cantareira,1 cama,13 – 18 de jun.,5,1210.0,4.94,63
Apartamento em São Paulo,Studio com Varanda em frente ao Allianz Parque,Cancelamento gratuito,23 – 28 de jun.,5,1460.0,5.0,17
Apartamento em São Paulo,Studio Perdizes | 15º andar | 5 min Allianz Parque,1 cama de casal,13 – 18 de jun.,5,1232.0,5.0,5
Apartamento em São Paulo,Fera Loft 153 – Moderno | Portaria 24h | SP,Cancelamento gratuito,15 – 20 de jun.,5,1122.0,5.0,52
Casa de campo em São Roque,Recanto Bela Vista São Roque,6 camas,10 – 15 de jun.,5,2134.0,4.95,63
Apartamento em São Paulo,Studio alto padrão Cidade Jardim com vaga,Cancelamento gratuito,19 – 24 de jun.,5,1872.0,4.9,41
Loft em Consolação,"Studio moderno no centro de São Paulo, próx metrô",Cancelamento gratuito,23 – 28 de jun.,5,896.0,4.86,798
Apartamento em Centro Histórico de São Paulo,Mirante Sampa Andar 35,1 cama queen,15 – 20 de jun.,5,1567.0,4.7,300
Apartamento em São Paulo,Estúdio Charmoso no Belém 29,1 cama,15 – 20 de jun.,5,799.0,4.93,115
Apartamento em São Paulo,002 Apt próximo ao Tatuapé,1 cama,15 – 20 de jun.,5,805.0,4.96,159
Microcasa em Ibiúna,Lodge em Ibiúna próximo à Estrada do Vinho,1 cama king,9 – 14 de jun.,5,2796.0,4.99,226
Chalé em Mairiporã,Recanto do Tatu - Chalé,3 camas,22 – 27 de jun.,5,856.0,4.88,144
Apartamento em São Paulo,Jacuzzi < pipoca grátis < Tv 65 < Vista < Pôr do sol,1 cama de casal,19 – 24 de jun.,5,3374.0,4.9,288
Contêiner de transporte em Araçariguama,Casa Contêiner Araçariguama,Cancelamento gratuito,29 de jun. – 4 de jul.,5,2853.0,5.0,75
Apartamento em São Paulo,LOFT com Vista Panorâmica | Aeroporto SPExpo +A/C,Cancelamento gratuito,29 de jun. – 4 de jul.,5,1080.0,4.97,87
Casa em Caieiras,Cantareira com vista espetacular: natureza & luxo,,6 – 11 de jul.,5,3693.25,4.91,70
Quarto em Guarulhos,13 minutos do aeroporto,,23 – 28 de jul.,5,388.0,4.92,125
Casa em São Paulo,2 suítes piscina e área gourmet,3 camas,15 – 20 de jun.,5,1974.0,4.95,37
Apartamento em São Paulo,Estúdio Sky Confort,1 cama,11 – 16 de jun.,5,1229.0,5.0,35
Apartamento em São Paulo,"Terraço com vista deslumbrante, piscina e jardim",1 cama,30 de jun. – 5 de jul.,5,3184.0,4.97,36
Apartamento em São Paulo,ap Arouche novo cama 999 massagens terapêuticas,2 camas,15 – 20 de jun.,5,947.0,4.89,179
Apartamento em São Paulo,Studio admirável em São Paulo próximo ao metrô,Cancelamento gratuito,23 – 28 de jun.,5,873.0,4.8,91
Quarto em Mairiporã,Cidade do interior a meia hora de sao paulo,,9 – 14 de jun.,5,1021.0,4.88,82
Apartamento em São Paulo,Seu espaço no Brooklin!,Cancelamento gratuito,29 de jun. – 4 de jul.,5,1141.0,4.97,30
Apartamento em São Paulo,Studio próximo a estação de metro Giovanni Gronchi,Cancelamento gratuito,29 de jun. – 4 de jul.,5,1027.0,4.97,35
Apartamento em São Paulo,Garden estiloso conforto ar-condicionado e Wi-Fi,Cancelamento gratuito,29 de jun. – 4 de jul.,5,907.0,4.85,99
Apartamento em Centro Histórico de São Paulo,Jacuzzi < pipoca grátis < Tv 65 < Vista < Sunrise,1 cama de casal,20 – 25 de jun.,5,3200.0,4.93,402
Apartamento em São Paulo,Sob a ótica do 35° andar #sampasky,Cancelamento gratuito,29 de jun. – 4 de jul.,5,1312.0,4.92,66
Apartamento em São Paulo,"GoodVibes São Paulo. Hidro, Relax e Espaço de Trabalho",2 camas,22 – 27 de jun.,5,2172.0,4.99,100
Cabana em Mairiporã,Cabana A-frame na Serra da Cantareira(chalé),1 cama de casal,15 – 20 de jun.,5,3693.25,4.77,256
Cabana em Mairiporã,Chalé do Lago,1 cama king,22 – 27 de jun.,5,1931.0,4.98,87
Apartamento em São Paulo,Santorini Sampa Spa: vista do 19º andar,1 cama queen,13 – 18 de jun.,5,3159.0,4.81,62
Casa de campo em São Paulo,Casa Container em São Paulo! Petfriendly!,Cancelamento gratuito,17 – 22 de jun.,5,3138.0,4.91,33
Apartamento em São Paulo,Studio Magnífico Aeroporto SP Expo Metrô,Cancelamento gratuito,20 – 25 de jun.,5,1120.0,5.0,69
Casa de cúpula em Mairiporã,Domo geodésico: glamping na floresta de bambu.,1 cama de casal,15 – 20 de jun.,5,3693.25,4.76,178
Apartamento em São Paulo,Apto Luxo no Brás / Templo de Salomão / Metrô,1 cama queen,22 – 27 de jun.,5,1107.0,5.0,3
Apartamento em São Paulo,"Studio - Perdizes a 8 min, Allianz e Espaço Unimed",Cancelamento gratuito,29 de jun. – 4 de jul.,5,925.0,5.0,40
Quarto em Mairiporã,Ar do campo a 30 minutos de São Paulo e aeroporto,,10 – 15 de jun.,5,1027.0,4.94,196
Apartamento em São Paulo,Studio em São Paulo próximo ao metrô,Cancelamento gratuito,23 – 28 de jun.,5,873.0,4.79,174
Apartamento em São Paulo,Jacuzzi < pipoca grátis < Tv 65 < Vista < Pôr do sol,1 cama de casal,20 – 25 de jun.,5,3200.0,4.92,280
Apartamento em São Paulo,Casa da Vovó no #SampaSky c/ Cine HD + Banheira,Cancelamento gratuito,15 – 20 de jun.,5,3120.0,4.95,21
Apartamento em São Paulo,BA63 Studio Premium Vila Mariana Metro Santa Cruz,1 cama de casal,9 – 14 de jun.,5,947.0,4.89,18
Apartamento em São Paulo,Studio aconchegante com ar e excelente localização,Cancelamento gratuito,23 – 28 de jun.,5,964.0,4.77,97
Apartamento em São Paulo,"Studio Moov49, próx Metrô Brás, cozinha completa.",Cancelamento gratuito,23 – 28 de jun.,5,799.0,4.93,121
Casa em Guarulhos,Studio 6 Luxo GRU aeroporto,1 cama,15 – 20 de jun.,5,672.0,4.77,22
Apartamento em Guarulhos,"Aeroporto de Gru, Skyline + AR, Piscina e Academia",Cancelamento gratuito,21 – 26 de jun.,5,1365.0,4.97,35
Casa em São Roque,Loft na Mata em São Roque!,Cancelamento gratuito,7 – 12 de jul.,5,3047.0,5.0,4
Apartamento em São Roque,"Loft em São Roque, perto da Rota do Vinho",Cancelamento gratuito,3 – 8 de ago.,5,1141.0,4.97,71
Chalé em Mairiporã,"Cachoeiras a 20 m dos chalés , Wi-Fi do Bom.",4 camas,16 – 21 de jun.,5,1906.0,4.96,135
Casa em Mairiporã,Mansão Serra da Cantareira Mairiporã,5 camas,11 – 16 de jun.,5,3693.25,5.0,45
Apartamento em São Paulo,37th do #SampaSky: Custo Benefício no Topo de SP,Cancelamento gratuito,15 – 20 de jun.,5,1136.0,4.42,43
Loft em São Paulo,Encanto e aconchego de frente para o Vale!,1 cama queen,15 – 20 de jun.,5,876.0,4.94,139
Apartamento em São Paulo,Studio moderno com por do sol no 27ª do Copan,Cancelamento gratuito,22 – 27 de jun.,5,1875.0,4.83,227
Apartamento em São Paulo,Bela Vista - Frei Caneca,Cancelamento gratuito,6 – 11 de jul.,5,1113.0,4.96,111
Apartamento em São Paulo,Studios alto padrão à 2 minutos Aeroporto,Cancelamento gratuito,22 – 27 de jun.,5,1141.0,4.95,44
Apartamento em São Paulo,Estúdio temático no 40° andar - kombi com banheira,,18 – 23 de jun.,5,2072.0,4.71,63
Apartamento em São Paulo,Mirante: Um studio surpreendente te espera,Cancelamento gratuito,6 – 11 de jul.,5,1369.0,4.96,133
Apartamento em Guarulhos,"Aeroporto de Gru, Ar Condicionado,Piscina,Academia",Cancelamento gratuito,15 – 20 de jun.,5,1195.0,4.92,61
Apartamento em São Paulo,Andar 41 Oficial < Jacuzzi < pipoca free < tv 65,1 cama de casal,21 – 26 de jun.,5,3102.0,4.93,273
Microcasa em São Roque,Farmhouse com café da manhã,Cancelamento gratuito,22 – 27 de jun.,5,3000.0,0.0,0
Casa em Jundiaí,Villas Boas House,Cancelamento gratuito,29 de jun. – 4 de jul.,5,665.0,5.0,3
Apartamento em São Paulo,Confortável e Prático -LOFT SP-,Cancelamento gratuito,6 – 11 de jul.,5,1319.0,5.0,14
Casa de hóspedes em São Roque,São Hostel - Suite 02 - São Roque.,1 cama de casal,22 – 27 de jun.,5,844.0,5.0,28
Apartamento em São Paulo,"Decor Boho, Alma Livre e Muito Conforto",1 cama de casal,9 – 14 de jun.,5,885.0,0.0,0
Pousada em São Roque,Chalé Orquídea Sítio Lar DaTerra com hidro e Café,Cancelamento gratuito,22 – 27 de jun.,5,3693.25,5.0,47
Casa de hóspedes em Embu das Artes,suíte para até duas pessoas com piscina,2 camas de solteiro,9 – 14 de jun.,5,856.0,4.89,44
Contêiner de transporte em São Roque,Comtainer Da Terra Experiência e requinte na Mata!,1 cama,22 – 27 de jun.,5,3693.25,4.95,21
Casa em Vila Sirene,Estúdio aconchegante próx ao metro,Cancelamento gratuito,16 – 21 de jun.,5,377.0,4.83,186
Apartamento em São Paulo,Charmoso Studio Brooklin/ Consulado,Cancelamento gratuito,15 – 20 de jun.,5,1215.0,4.96,165
Suíte de hóspedes em São Roque,Loft amplo e confortável com lareira e jardim.,Cancelamento gratuito,22 – 27 de jun.,5,1575.0,4.9,175
Microcasa em Cotia,Refúgio no paraíso,1 cama,9 – 14 de jun.,5,3693.25,5.0,4
Apartamento em São Paulo,Studio completo no coração de SP | República,2 camas de solteiro,13 – 18 de jun.,5,857.0,4.71,259
Apartamento em São Paulo,Apto inteiro com ótima estrutura,1 cama de casal,12 – 17 de jun.,5,1141.0,4.95,153
Apartamento em São Paulo,1113 - Sky Mirante/Conforto e Localização perfeita,Cancelamento gratuito,6 – 11 de jul.,5,605.0,4.95,19
Casa de veraneio em Cotia,Um Lugar encantador com ofurô ao ar livre,1 cama de casal,23 – 28 de jun.,5,2568.0,4.74,99
Quarto em Jundiaí,Loft Duplo Moderno e Exclusivo Em Jundiaí,,10 – 15 de jun.,5,685.0,4.92,25
Apartamento em São Paulo,Anália Franco | Studio 700m Universidade C. do Sul,1 cama queen,15 – 20 de jun.,5,1106.0,5.0,18
Chalé em Mairiporã,Chalé alto bucólica,Cancelamento gratuito,30 de jun. – 5 de jul.,5,1792.0,4.92,159
Casa de hóspedes em São Roque,Casa de hóspede,Cancelamento gratuito,22 – 27 de jun.,5,650.0,4.72,39
Apartamento em São Paulo,3526 - Loft em São Paulo,Cancelamento gratuito,15 – 20 de jun.,5,1125.0,4.88,59
Apartamento em São Paulo,Apartamento Twenty One Pilots Flat Paulista,Cancelamento gratuito,14 – 19 de jun.,5,1218.0,4.91,65
Quarto em São Paulo,Quarto amplo privativo a 2 minutos da AV. Paulista,,30 de jun. – 5 de jul.,5,743.0,4.94,177
Apartamento em São Paulo,"37 studio novo, próx ao shopping",1 cama,12 – 17 de jun.,5,922.0,4.9,120
Quarto em São Paulo,05 ※ Quarto Privativo | Metrô Santos-Imigrantes※,,15 – 20 de jun.,5,424.0,5.0,51
Loft em República,Linda Vista Loft Centro São Paulo,1 cama de casal,29 de jun. – 4 de jul.,5,1016.0,4.82,220
Apartamento em São Paulo,"Estúdio | Prédio com lazer, 1km Estação Hebraica",1 cama queen,12 – 17 de jun.,5,1293.0,4.49,45
Apartamento em São Paulo,Apto Studio equipado ao lado do metrô,2 camas,15 – 20 de jun.,5,1324.0,4.96,69
Condomínio em São Paulo,"Allianz Parque, Arena Pacaembu e o melhor de SP!",3 camas,29 de jun. – 4 de jul.,5,794.0,4.98,57
Apartamento em São Paulo,Estúdio Design Industrial com Fliperama (SampaSky),3 camas,22 – 27 de jun.,5,1010.0,4.64,14
Apartamento em Centro Histórico de São Paulo,Jacuzzi < pipoca grátis < Tv 65 < Vista < Pôr do sol,1 cama de casal,30 de jun. – 5 de jul.,5,3693.25,4.88,218
Apartamento em São Paulo,Studio aconchegante V. Formosa,Cancelamento gratuito,15 – 20 de jun.,5,690.0,5.0,6
Quarto de hotel em Joanópolis,Altar Ninho – Joanópolis,2 camas,22 – 27 de jun.,5,2871.0,4.67,6
Cabana em Mairiporã,chalés aconchegantes 2,1 cama,9 – 14 de jun.,5,2282.0,4.82,17
Apartamento em São Paulo,Apto Perdizes Novíssimo p Allianz e Hosp Einstein,2 camas,15 – 20 de jun.,5,954.0,5.0,5
Quarto em Guarulhos,Quarto 15min perto Aeroporto Gru,,2 – 7 de jul.,5,496.0,5.0,3
Apartamento em São Paulo,Studio adaptado PNE próximo à PUC e Allianz Parque,1 cama de casal,9 – 14 de jun.,5,839.0,4.61,122
Apartamento em São Paulo,Belo studio na charmosa Pompéia,1 cama de casal,27 de jun. – 2 de jul.,5,912.0,4.74,39
Apartamento em São Paulo,Refrescante Studio no Metrô Belém/Ar Condicionado,1 cama de casal,15 – 20 de jun.,5,565.0,4.64,58
Apartamento em São Paulo,Viva o Luxo e Conforto do Novo AD 330 – Apartament,1 cama de casal,11 – 16 de jun.,5,1181.0,4.92,12
Condomínio em São Paulo,Studio Praça Tatuapé,Cancelamento gratuito,15 – 20 de jun.,5,850.0,4.88,8
Lugar para ficar em Brooklin,G HOME | Brooklin • Texas • Quarto 4,Cancelamento gratuito,17 – 22 de jun.,5,507.0,4.8,123
Apartamento em São Paulo,Grande Apartamento C/Piscina - Metrô Brás,3 camas,12 – 17 de jun.,5,728.0,0.0,0
Quarto em Chácara Malota,Casa da Dani,,22 – 27 de jun.,5,421.0,4.93,168
Apartamento em Centro Histórico de São Paulo,1025 - Um lugar aconchegante!,Cancelamento gratuito,23 – 28 de jun.,5,747.0,4.76,82
Hotel em São Paulo,Quarto Vila Olímpia * AR/C * SmartTV * Localização,Cancelamento gratuito,14 – 19 de jun.,5,523.0,4.85,142
Quarto em Santana de Parnaíba,Tanq House - Quarto Individual,,15 – 20 de jun.,5,388.0,0.0,0
Apartamento em São Paulo,Apto I Wecasa no Brás com Piscina - Metrô Pedro II,4 camas,9 – 14 de jun.,5,742.0,4.56,16
Apartamento em São Paulo,"Studio fácil acesso: Puc, Allianz e espaco Unimed",Cancelamento gratuito,15 – 20 de jun.,5,1278.0,4.99,75
Condomínio em São Paulo,Studio76 - SP - Expo Imigrantes - Metrô - Garagem,Cancelamento gratuito,14 – 19 de jun.,5,1021.0,4.97,143
Condomínio em São Paulo,Estúdio Garden em Santana - Metrô/ExpoCenterNorte,Cancelamento gratuito,15 – 20 de jun.,5,1154.0,4.96,47
Loft em São Paulo,"Aconchegante, #SampaSky, Cozinha 100%, 25 de Março",2 camas,16 – 21 de jun.,5,1137.0,4.97,93
Apartamento em São Roque,Apartamento no roteiro do vinho,Cancelamento gratuito,23 – 28 de jun.,5,1917.0,4.96,81
Apartamento em São Paulo,Elegância e conforto na Paulista - 2407,Cancelamento gratuito,22 – 27 de jun.,5,1501.0,5.0,36
Apartamento em São Paulo,Studio novo em São Paulo próximo ao metrô,Cancelamento gratuito,18 – 23 de jul.,5,947.0,4.89,334
Apartamento em São Paulo,Ap 12° andar 300mts do metrô Barra Funda,2 camas,17 – 22 de jun.,5,1198.0,5.0,84
Loft em São Paulo,Loft-Ateliê: 75m2 de charme e bossa nas alturas!,Cancelamento gratuito,20 – 25 de jun.,5,1906.0,4.94,52
Loft em Perdizes,Belíssimo Studio Perdizes,Cancelamento gratuito,23 – 28 de jun.,5,1175.0,4.95,269
Apartamento em São Paulo,Studio Aconchegante Próx a Av Paulista e Sirio,1 cama de casal,9 – 14 de jun.,5,915.0,0.0,0
Albergue em São Paulo,Quarto c/ Netflix - Vila Olímpia - A44,Cancelamento gratuito,14 – 19 de jun.,5,534.0,5.0,63
Apartamento em São Paulo,Studio aconchegante,Cancelamento gratuito,22 – 27 de jun.,5,1101.0,4.93,28
Apartamento em São Paulo,AP44- Apartamento Luxo Prox. Metrô / CGH / SP EXPO,Cancelamento gratuito,22 – 27 de jun.,5,1027.0,4.86,14
Apartamento em São Paulo,Studio top com vista para cidade,Cancelamento gratuito,30 de jun. – 5 de jul.,5,884.0,5.0,3
Chalé em São Roque,Recanto Góes Machado! Quarto Lucas,Cancelamento gratuito,22 – 27 de jun.,5,2705.0,5.0,15
Condomínio em São Paulo,"SP Elegante Rodoviária/Metrô,ExpoCenterNorte/Wi-Fi",Cancelamento gratuito,26 de jun. – 1 de jul.,5,935.0,4.87,67
Apartamento em São Paulo,Flat inspirado da Série Friends Próx. da Paulista,Cancelamento gratuito,15 – 20 de jun.,5,1568.0,4.8,393
Casa em São Roque,Loft D'Coração,2 camas,9 – 14 de jun.,5,1232.0,5.0,3
Apartamento em São Paulo,Novo Studio no SP Center!,Cancelamento gratuito,23 – 28 de jun.,5,873.0,4.87,238
Apartamento em São Paulo,Queridinho de Santana/AR/TerRod/Metrô/ExpoCN/WiFi,Cancelamento gratuito,27 de jun. – 2 de jul.,5,1119.0,4.95,87
Apartamento em Guarulhos,"Aeroporto de Gru, Ar Condicionado,Piscina+Academia",Cancelamento gratuito,29 de jun. – 4 de jul.,5,1285.0,4.98,103
Apartamento em São Paulo,Ascent Paulista | 50 m² | Jardim gourmet,Cancelamento gratuito,29 de jun. – 4 de jul.,5,1373.0,5.0,6
Cabana em São Roque,Cabana Malbec São Roque,Cancelamento gratuito,22 – 27 de jun.,5,2707.0,4.96,77
Apartamento em São Paulo,Studio aconchegante São Paulo!,Cancelamento gratuito,22 – 27 de jun.,5,1512.0,4.98,64
Apartamento em São Paulo,Studio Exclusivo e Moderno + AC + Piscina + Metrô,Cancelamento gratuito,15 – 20 de jun.,5,1239.0,0.0,0
Apartamento em São Paulo,"Refúgio Alma Brasileira, Pinheiros/Vila Madalena",Cancelamento gratuito,27 de jun. – 2 de jul.,5,2020.0,5.0,12
Casa em Jundiaí,Suíte Completa c/ Netflix e Wifi,Cancelamento gratuito,22 – 27 de jun.,5,1084.0,4.81,31
Apartamento em São Paulo,5min. a pé do Allianz Parque c/ Piscina e Academia,1 cama de casal,28 de jun. – 3 de jul.,5,959.0,4.86,36
Apartamento em São Paulo,Expo C. Norte-Novo e Charmoso,2 camas,15 – 20 de jun.,5,1153.0,4.97,72
Quarto em Guarulhos,Suíte a 12 minutos do aeroporto,,13 – 18 de jun.,5,491.0,4.92,132
Apartamento em São Paulo,Studio Ecológico | Aeroporto CGH | Q414 - Vezinno,Cancelamento gratuito,16 – 21 de jun.,5,905.0,5.0,66
Apartamento em São Paulo,Apart. Lindo | Bairro Liberdade | Ar Condicionado,2 camas,24 – 29 de jun.,5,978.0,5.0,21
Apartamento em Vila Baruel,APTO 210 Pro Magno Anhembi Allianz Center Norte,Cancelamento gratuito,16 – 21 de jun.,5,515.0,4.89,37
Apartamento em São Paulo,Pinheiros Hy 807 | Vila Madalena & Jardins,1 cama de casal,15 – 20 de jun.,5,1420.0,5.0,19
Apartamento em São Paulo,"Estúdio TOP + AC, piscina, terraço e metrô",1 cama de casal,9 – 14 de jun.,5,1017.0,4.87,69
Apartamento em São Paulo,Studio espaçoso com conforto e estilo @Copan c/ Ar,Cancelamento gratuito,22 – 27 de jun.,5,1450.0,4.87,173
Apartamento em São Paulo,M 125 Apartamento novo no Brás 200 metros do metrô,Cancelamento gratuito,23 – 28 de jun.,5,736.0,5.0,9
Casa em São Roque,Casa Don Matheus,Cancelamento gratuito,23 – 28 de jun.,5,2225.0,4.96,93
Apartamento em São Paulo,A7| Studio 9º andar - Próx Anhembi,Cancelamento gratuito,22 – 27 de jun.,5,1262.0,4.7,20
Apartamento em Guarulhos,Estúdio Premium-Próx Aeroporto Gru,Cancelamento gratuito,15 – 20 de jun.,5,1090.0,5.0,11
Apartamento em República,316_Setin Centro República,Cancelamento gratuito,25 – 30 de jun.,5,953.0,4.84,292
Apartamento em São Paulo,"SPA, Academia e Garagem a 10 min. a pé do Aero CGH",2 camas,15 – 20 de jun.,5,1162.0,4.89,57
Apartamento em São Paulo,Studio R em frente ao metrô/ garagem gratis/centro,1 cama de casal,22 – 27 de jun.,5,883.0,4.64,45
Apartamento em São Paulo,Apartamento luxo Campo Belo próximo ao aeroporto,Cancelamento gratuito,25 – 30 de jun.,5,1210.0,4.85,41
Apartamento em São Paulo,Studio em Moema,Cancelamento gratuito,15 – 20 de jun.,5,1712.0,5.0,39
Apartamento em São Paulo,Studio Santana Exclusivo Estilo e Personalidade.,Cancelamento gratuito,9 – 14 de jul.,5,1180.0,4.96,114
Loft em São Paulo,Apartamento Centro de São Paulo,Cancelamento gratuito,22 – 27 de jun.,5,921.0,5.0,17
Apartamento em São Paulo,Studio 13º Andar Lazer Piscina vizinho metrô Belém,1 cama de casal,12 – 17 de jun.,5,864.0,4.67,12
Apartamento em São Paulo,Apê super aconchegante Pinheiros,Cancelamento gratuito,13 – 18 de jun.,5,2436.0,0.0,0
Casa em Mairiporã,Casinha Pôr do sol,Cancelamento gratuito,30 de jun. – 5 de jul.,5,2257.0,5.0,24
"Apartamento em República, São Paulo",LOFT 1513 - Praça da República / Coração de SP,1 cama queen,14 – 19 de jun.,5,1290.0,4.84,268
Apartamento em São Paulo,Studio São Paulo Liberdade,Cancelamento gratuito,25 – 30 de jul.,5,1264.0,5.0,70
Quarto em São Paulo,4 Quarto Bia,,15 – 20 de jun.,5,395.0,4.89,9
Apartamento em São Paulo,Apto novo- 2 min a pé do Metrô Bresser Mooca,1 cama,29 de jun. – 4 de jul.,5,622.0,5.0,5
Apartamento em São Paulo,Nex One Faria Lima | Pinheiros,Cancelamento gratuito,22 – 27 de jun.,5,1348.0,5.0,7
Suíte de hóspedes em São Paulo,Oscar Freire-Suite-Prox à Metrô- FSP-USPClínicas,Cancelamento gratuito,22 – 27 de jun.,5,787.0,4.97,32
Loft em Centro Histórico de São Paulo,Estúdio encantador que não está olhando para SP high corn,Cancelamento gratuito,12 – 17 de jul.,5,1027.0,4.93,339
Casa de hóspedes em Ibiúna,Vivenda na Mata,Cancelamento gratuito,22 – 27 de jun.,5,1797.0,4.96,54
Apartamento em São Paulo,Estúdio Moderno com piscina e academia próx metrô,Cancelamento gratuito,22 – 27 de jul.,5,1300.0,4.93,69
