localizacao,descricao,detalhe_segundario,data,qtd_noites,valor,avaliacao
Apartamento em São Paulo,Loft 825 : Cinema com banheira e vista!,"Cancelamento gratuito
Cancelamento gratuito","29 de jun. – 4 de jul.
29 de jun. – 4 de jul.",por 5 noites,R$1.872,"4,91 de uma avaliação média de 5, 162 avaliações
4,91 (162)"
Ônibus em Mairiporã,Refúgio Manjerico. 40 min de SP,"Cancelamento gratuito
Cancelamento gratuito","20 – 25 de jul.
20 – 25 de jul.",por 5 noites,R$2.956,"4,91 de uma avaliação média de 5, 145 avaliações
4,91 (145)"
Apartamento em São Paulo,Stay Alto | Studio luxuoso com banheira e vista,"Cancelamento gratuito
Cancelamento gratuito","23 – 28 de jun.
23 – 28 de jun.",por 5 noites,R$3.013,"4,98 de uma avaliação média de 5, 123 avaliações
4,98 (123)"
Pousada em São Roque,Chalé Margarida Sítio Lar da Terra /Café da manhã,"Cancelamento gratuito
Cancelamento gratuito","6 – 11 de jul.
6 – 11 de jul.",por 5 noites,R$2.900,"4,94 de uma avaliação média de 5, 177 avaliações
4,94 (177)"
Apartamento em São Paulo,Duque’s Loft - Conforto e luxo,"Cancelamento gratuito
Cancelamento gratuito","22 – 27 de jun.
22 – 27 de jun.",por 5 noites,R$2.824,"4,98 de uma avaliação média de 5, 88 avaliações
4,98 (88)"
Apartamento em São Paulo,Jacuzzi e Vista incrível - Estilo Grego - Niemeyer,"Cancelamento gratuito
Cancelamento gratuito","29 de jun. – 4 de jul.
29 de jun. – 4 de jul.",por 5 noites,R$1.563,"4,84 de uma avaliação média de 5, 50 avaliações
4,84 (50)"
Apartamento em São Paulo,Mirante Arcos: banheira e vista no 37º andar,"Cancelamento gratuito
Cancelamento gratuito","25 – 30 de jun.
25 – 30 de jun.",por 5 noites,R$3.079,"4,9 de uma avaliação média de 5, 39 avaliações
4,9 (39)"
Apartamento em São Paulo,"3606-1: apt com banheira, cinema,projetor, vista!","Cancelamento gratuito
Cancelamento gratuito","22 – 27 de jun.
22 – 27 de jun.",por 5 noites,R$2.396,"4,83 de uma avaliação média de 5, 103 avaliações
4,83 (103)"
Apartamento em São Paulo,Mini Rooftop - Celebre Momentos Especiais Aqui,"1 cama
1 cama","6 – 11 de jul.
6 – 11 de jul.",por 5 noites,R$2.037,"4,94 de uma avaliação média de 5, 240 avaliações
4,94 (240)"
Casa de hóspedes em Itapecerica da Serra,Descanso no lago 40min. de SP. Girassol,"Cancelamento gratuito
Cancelamento gratuito","4 – 9 de ago.
4 – 9 de ago.",por 5 noites,R$849,"5,0 de uma avaliação média de 5, 35 avaliações
5,0 (35)"
Cabana em Mairiporã,Tiny House da Serra - Romântica só 35 min de SP,"Cancelamento gratuito
Cancelamento gratuito","3 – 8 de ago.
3 – 8 de ago.",por 5 noites,R$2.296,"4,95 de uma avaliação média de 5, 160 avaliações
4,95 (160)"
Cabana em São Roque,Cabana do Sagui - Refúgio a 5min da Rota do Vinho,"Cancelamento gratuito
Cancelamento gratuito","29 de jul. – 3 de ago.
29 de jul. – 3 de ago.",por 5 noites,R$4.065,"5,0 de uma avaliação média de 5, 6 avaliações
5,0 (6)"
Apartamento em São Paulo,"LOFT 3802 Completo, Vista Incrível de SP 38º Andar","2 camas
2 camas","22 – 27 de jun.
22 – 27 de jun.",por 5 noites,R$1.438,"4,89 de uma avaliação média de 5, 251 avaliações
4,89 (251)"
Cabana em Mairiporã,Hospedaria Callegari - Rosa,"Cancelamento gratuito
Cancelamento gratuito","19 – 24 de jul.
19 – 24 de jul.",por 5 noites,R$3.800,"4,9 de uma avaliação média de 5, 41 avaliações
4,9 (41)"
Cabana em Mairiporã,Chalé na Montanha em Mairiporã - 3,"Cancelamento gratuito
Cancelamento gratuito","28 de jun. – 3 de jul.
28 de jun. – 3 de jul.",por 5 noites,R$3.081,"5,0 de uma avaliação média de 5, 25 avaliações
5,0 (25)"
Apartamento em São Paulo,Apto em Moema | Aero Congonhas 924,"Cancelamento gratuito
Cancelamento gratuito","29 de jun. – 4 de jul.
29 de jun. – 4 de jul.",por 5 noites,R$1.563,"4,97 de uma avaliação média de 5, 38 avaliações
4,97 (38)"
Casa em Mairiporã,Casa com linda vista da Serra da Cantareira,"2 camas
2 camas","9 – 14 de jun.
9 – 14 de jun.",por 5 noites,R$2.488,"4,93 de uma avaliação média de 5, 85 avaliações
4,93 (85)"
Microcasa em São Roque,Tiny-House 2 na Montanha - Estrada do Vinho,"Cancelamento gratuito
Cancelamento gratuito","5 – 10 de ago.
5 – 10 de ago.",por 5 noites,R$1.803,"5,0 de uma avaliação média de 5, 44 avaliações
5,0 (44)"
Microcasa em São Roque,Tiny-House 2 na Montanha - Estrada do Vinho,"Cancelamento gratuito
Cancelamento gratuito","5 – 10 de ago.
5 – 10 de ago.",por 5 noites,R$1.803,"5,0 de uma avaliação média de 5, 44 avaliações
5,0 (44)"
Casa de hóspedes em Mairiporã,Chalé1 Vintage Serra Cantareira,"1 cama
1 cama","15 – 20 de jun.
15 – 20 de jun.",por 5 noites,R$1.369,"4,88 de uma avaliação média de 5, 112 avaliações
4,88 (112)"
Chalé em Mairiporã,Chalé na Montanha em Mairiporã - 1,"Cancelamento gratuito
Cancelamento gratuito","21 – 26 de jun.
21 – 26 de jun.",por 5 noites,R$2.990,"4,99 de uma avaliação média de 5, 89 avaliações
4,99 (89)"
Apartamento em São Paulo,Banheira com vista | AC | 32º andar,"Cancelamento gratuito
Cancelamento gratuito","16 – 21 de jun.
16 – 21 de jun.",por 5 noites,R$2.895,"4,7 de uma avaliação média de 5, 211 avaliações
4,7 (211)"
Cabana em Mairiporã,Hospedaria Callegari - Lavanda,"Cancelamento gratuito
Cancelamento gratuito","2 – 7 de ago.
2 – 7 de ago.",por 5 noites,R$3.800,"4,96 de uma avaliação média de 5, 55 avaliações
4,96 (55)"
Apartamento em São Paulo,Hidro em Apto Spa! Projete o Industrial-Arq Niemeyer,"Cancelamento gratuito
Cancelamento gratuito","15 – 20 de jun.
15 – 20 de jun.",por 5 noites,R$1.535,"4,74 de uma avaliação média de 5, 181 avaliações
4,74 (181)"
Apartamento em São Paulo,Banheira + Cinema + Vista + Design no #SampaSky,"1 cama
1 cama","22 – 27 de jun.
22 – 27 de jun.",por 5 noites,R$4.008,"4,76 de uma avaliação média de 5, 347 avaliações
4,76 (347)"
Cabana em São Roque,Chalé com hidro e café da manhã na Rota do Vinho,"1 cama queen
1 cama queen","29 de jun. – 4 de jul.
29 de jun. – 4 de jul.",por 5 noites,R$3.649,"5,0 de uma avaliação média de 5, 185 avaliações
5,0 (185)"
Apartamento em São Paulo,Loft com Jacuzzi privativa,"1 cama
1 cama","29 de jun. – 4 de jul.
29 de jun. – 4 de jul.",por 5 noites,R$2.225,"4,97 de uma avaliação média de 5, 122 avaliações
4,97 (122)"
Apartamento em São Paulo,Studio em Santana com piscina- 94,"Cancelamento gratuito
Cancelamento gratuito","22 – 27 de jun.
22 – 27 de jun.",por 5 noites,R$1.535,"4,87 de uma avaliação média de 5, 54 avaliações
4,87 (54)"
Apartamento em Campos Elíseos,Cobertura de vidro com vista para São Paulo,"1 cama de casal
1 cama de casal","6 – 11 de jul.
6 – 11 de jul.",por 5 noites,R$1.167,"4,93 de uma avaliação média de 5, 505 avaliações
4,93 (505)"
Apartamento em São Paulo,Ap novo proximo ao Metrô e Theatro Municipal,"1 cama queen
1 cama queen","9 – 14 de jun.
9 – 14 de jun.",por 5 noites,R$750,"4,69 de uma avaliação média de 5, 309 avaliações
4,69 (309)"
Apartamento em São Paulo,@estudionewbe - Apartamento moderno no Mirante do Vale,"1 cama
1 cama","7 – 12 de jul.
7 – 12 de jul.",por 5 noites,R$2.054,"4,84 de uma avaliação média de 5, 57 avaliações
4,84 (57)"
Casa em Vila Formosa,Seu Refugio,"4 camas
4 camas","10 – 15 de jun.
10 – 15 de jun.",por 5 noites,R$2.066,"4,98 de uma avaliação média de 5, 243 avaliações
4,98 (243)"
Apartamento em São Paulo,"Vista do Vale! 33ºAndar, Jacuzzi e Café no Centro!","Cancelamento gratuito
Cancelamento gratuito","22 – 27 de jun.
22 – 27 de jun.",por 5 noites,R$3.098,"4,85 de uma avaliação média de 5, 40 avaliações
4,85 (40)"
Cabana em Mairiporã,Chalé Quietude,"Cancelamento gratuito
Cancelamento gratuito","28 de jul. – 2 de ago.
28 de jul. – 2 de ago.",por 5 noites,R$1.986,"4,98 de uma avaliação média de 5, 101 avaliações
4,98 (101)"
Apartamento em São Paulo,Vista panorâmica no Copan,"Cancelamento gratuito
Cancelamento gratuito","23 – 28 de jun.
23 – 28 de jun.",por 5 noites,R$1.360,"4,91 de uma avaliação média de 5, 123 avaliações
4,91 (123)"
Apartamento em São Paulo,Loft 2725: paraíso nas alturas!,"Cancelamento gratuito
Cancelamento gratuito","20 – 25 de jun.
20 – 25 de jun.",por 5 noites,R$1.925,"4,94 de uma avaliação média de 5, 125 avaliações
4,94 (125)"
Chalé em Mairiporã,Casa na natureza na Serra da Cantareira com hidro,"Cancelamento gratuito
Cancelamento gratuito","30 de jun. – 5 de jul.
30 de jun. – 5 de jul.",por 5 noites,R$3.652,"4,93 de uma avaliação média de 5, 85 avaliações
4,93 (85)"
Quarto em Mairiporã,Pousada Paraíso dos Lagos - S3,,"29 de jun. – 4 de jul.
29 de jun. – 4 de jul.",por 5 noites,R$1.341,"5,0 de uma avaliação média de 5, 8 avaliações
5,0 (8)"
Apartamento em São Paulo,Loft 2725: paraíso nas alturas!,"Cancelamento gratuito
Cancelamento gratuito","20 – 25 de jun.
20 – 25 de jun.",por 5 noites,R$1.925,"4,94 de uma avaliação média de 5, 125 avaliações
4,94 (125)"
Cabana em Ibiúna,Chalé Azul próx. Estrada Vinho,"1 cama king
1 cama king","9 – 14 de jun.
9 – 14 de jun.",por 5 noites,R$2.796,"5,0 de uma avaliação média de 5, 43 avaliações
5,0 (43)"
Loft em São Paulo,2819 - Aconchegante Studio Urbano,"Cancelamento gratuito
Cancelamento gratuito","22 – 27 de jun.
22 – 27 de jun.",por 5 noites,R$810,"4,81 de uma avaliação média de 5, 200 avaliações
4,81 (200)"
Apartamento em Consolação,Studio moderno próximo ao metrô.,"Cancelamento gratuito
Cancelamento gratuito","27 de jul. – 1 de ago.
27 de jul. – 1 de ago.",por 5 noites,R$941,"4,91 de uma avaliação média de 5, 984 avaliações
4,91 (984)"
Cabana em Mairiporã,Hospedaria Callegari - Orquídea,"Cancelamento gratuito
Cancelamento gratuito","22 – 27 de jun.
22 – 27 de jun.",por 5 noites,R$3.240,"5,0 de uma avaliação média de 5, 29 avaliações
5,0 (29)"
Apartamento em São Paulo,Hidro em Apto Spa! Projete o Industrial-Arq Niemeyer,"Cancelamento gratuito
Cancelamento gratuito","15 – 20 de jun.
15 – 20 de jun.",por 5 noites,R$1.535,"4,74 de uma avaliação média de 5, 181 avaliações
4,74 (181)"
Apartamento em São Paulo,Lindo Studio de 30m perto do Metrô- 112,"Cancelamento gratuito
Cancelamento gratuito","16 – 21 de jun.
16 – 21 de jun.",por 5 noites,R$1.569,"4,98 de uma avaliação média de 5, 40 avaliações
4,98 (40)"
Apartamento em São Paulo,Boho SampaSky: banheira e vista no 19° andar,"Cancelamento gratuito
Cancelamento gratuito","16 – 21 de jun.
16 – 21 de jun.",por 5 noites,R$3.002,"4,93 de uma avaliação média de 5, 73 avaliações
4,93 (73)"
Cabana em Mairiporã,Chalé na Montanha em Mairiporã - 2,"Cancelamento gratuito
Cancelamento gratuito","22 – 27 de jun.
22 – 27 de jun.",por 5 noites,R$2.625,"5,0 de uma avaliação média de 5, 67 avaliações
5,0 (67)"
Apartamento em São Paulo,Vista panorâmica no Copan,"Cancelamento gratuito
Cancelamento gratuito","23 – 28 de jun.
23 – 28 de jun.",por 5 noites,R$1.360,"4,91 de uma avaliação média de 5, 123 avaliações
4,91 (123)"
Quarto em São Paulo,Suíte em apartamento de alto padrão,,"29 de jun. – 4 de jul.
29 de jun. – 4 de jul.",por 5 noites,R$799,"4,99 de uma avaliação média de 5, 93 avaliações
4,99 (93)"
Apartamento em São Paulo,A Casa do Marujo em SP,"1 cama
1 cama","29 de jun. – 4 de jul.
29 de jun. – 4 de jul.",por 5 noites,R$1.253,"4,59 de uma avaliação média de 5, 39 avaliações
4,59 (39)"
Apartamento em São Paulo,studio 1406_ambiência modernista,"Cancelamento gratuito
Cancelamento gratuito","6 – 11 de jul.
6 – 11 de jul.",por 5 noites,R$1.340,"Novo lugar para ficar
Novo"
Apartamento em São Paulo,16 Apt próx shopping Anália Franc,"1 cama
1 cama","9 – 14 de jun.
9 – 14 de jun.",por 5 noites,R$767,"4,96 de uma avaliação média de 5, 147 avaliações
4,96 (147)"
Cabana em Itapecerica da Serra,Chalé no lago 40min. de SP Primavera,"1 cama
1 cama","13 – 18 de jul.
13 – 18 de jul.",por 5 noites,R$969,"4,97 de uma avaliação média de 5, 90 avaliações
4,97 (90)"
Apartamento em São Paulo,Estúdio Encantador a 350m metrô,"Cancelamento gratuito
Cancelamento gratuito","29 de jun. – 4 de jul.
29 de jun. – 4 de jul.",por 5 noites,R$874,"4,83 de uma avaliação média de 5, 245 avaliações
4,83 (245)"
Apartamento em São Paulo,Magnífico Studio Consolação,"Cancelamento gratuito
Cancelamento gratuito","29 de jun. – 4 de jul.
29 de jun. – 4 de jul.",por 5 noites,R$874,"4,84 de uma avaliação média de 5, 230 avaliações
4,84 (230)"
Casa em Mairiporã,Refúgio Terracota 35 min de SP bioconstruída,"Cancelamento gratuito
Cancelamento gratuito","6 – 11 de jul.
6 – 11 de jul.",por 5 noites,R$2.890,"4,9 de uma avaliação média de 5, 87 avaliações
4,9 (87)"
Apartamento em São Paulo,Loft2025: Vista Deslumbrante,"1 cama
1 cama","9 – 14 de jun.
9 – 14 de jun.",por 5 noites,R$1.636,"4,8 de uma avaliação média de 5, 64 avaliações
4,8 (64)"
Loft em São Paulo,Loft 3903 MiraQueBelo andar 39!,"2 camas
2 camas","9 – 14 de jun.
9 – 14 de jun.",por 5 noites,R$1.333,"4,83 de uma avaliação média de 5, 278 avaliações
4,83 (278)"
Loft em São Paulo,Vibrant Nose Studio SP Heights,"Cancelamento gratuito
Cancelamento gratuito","23 – 28 de jun.
23 – 28 de jun.",por 5 noites,R$1.025,"4,93 de uma avaliação média de 5, 264 avaliações
4,93 (264)"
Apartamento em São Paulo,Studio moderno apenas 4 min a pé do Allianz Parque,"Cancelamento gratuito
Cancelamento gratuito","16 – 21 de jun.
16 – 21 de jun.",por 5 noites,R$1.238,"5,0 de uma avaliação média de 5, 13 avaliações
5,0 (13)"
Lugar para ficar em São Paulo,Loft maravilhoso na beira da represa Guarapiranga,"1 cama de casal
1 cama de casal","24 – 29 de jun.
24 – 29 de jun.",por 5 noites,R$1.910,"4,99 de uma avaliação média de 5, 129 avaliações
4,99 (129)"
Apartamento em Guarulhos,"Aeroporto de Gru, Vista Livre, Piscina e Academia","Cancelamento gratuito
Cancelamento gratuito","21 – 26 de jul.
21 – 26 de jul.",por 5 noites,R$1.210,"4,88 de uma avaliação média de 5, 17 avaliações
4,88 (17)"
Loft em São Paulo,Loft 1711 completo com vista incrível de SP,"Cancelamento gratuito
Cancelamento gratuito","22 – 27 de jun.
22 – 27 de jun.",por 5 noites,R$1.426,"4,98 de uma avaliação média de 5, 55 avaliações
4,98 (55)"
Apartamento em São Paulo,Jeri Sampa Spa: banheira e vista no 37º andar,"Cancelamento gratuito
Cancelamento gratuito","23 – 28 de jun.
23 – 28 de jun.",por 5 noites,R$2.523,"4,75 de uma avaliação média de 5, 16 avaliações
4,75 (16)"
Chalé em Mairiporã,"N.V: Le Petit Château: 2 Jacuzzis, Vista e Natureza","Cancelamento gratuito
Cancelamento gratuito","4 – 9 de ago.
4 – 9 de ago.",por 5 noites,R$3.661,"5,0 de uma avaliação média de 5, 23 avaliações
5,0 (23)"
Quarto em Mairiporã,Cabana na natureza,,"22 – 27 de jun.
22 – 27 de jun.",por 5 noites,R$1.301,"5,0 de uma avaliação média de 5, 4 avaliações
5,0 (4)"
Apartamento em São Paulo,Belo Studio Centro de SP,"Cancelamento gratuito
Cancelamento gratuito","27 de jun. – 2 de jul.
27 de jun. – 2 de jul.",por 5 noites,R$965,"4,86 de uma avaliação média de 5, 175 avaliações
4,86 (175)"
Microcasa em Cotia,"Refúgio romântico banheira/ lareira ext, piscina.","Cancelamento gratuito
Cancelamento gratuito","23 – 28 de jun.
23 – 28 de jun.",por 5 noites,R$2.272,"4,98 de uma avaliação média de 5, 43 avaliações
4,98 (43)"
Apartamento em São Paulo,Loft Botique Aconchegante,"1 cama queen
1 cama queen","26 – 31 de jul.
26 – 31 de jul.",por 5 noites,R$566,"4,99 de uma avaliação média de 5, 102 avaliações
4,99 (102)"
Casa de hóspedes em Mairiporã,Chalé da Cantareira uma experiência incrível.,"2 camas
2 camas","9 – 14 de jun.
9 – 14 de jun.",por 5 noites,R$2.876,"4,88 de uma avaliação média de 5, 171 avaliações
4,88 (171)"
Apartamento em São Paulo,Studio Aconchegante coração SP,"Cancelamento gratuito
Cancelamento gratuito","23 – 28 de jun.
23 – 28 de jun.",por 5 noites,R$1.060,"4,84 de uma avaliação média de 5, 306 avaliações
4,84 (306)"
Apartamento em São Paulo,Loft 3221: Luxo Contemporâneo,"Cancelamento gratuito
Cancelamento gratuito","13 – 18 de jun.
13 – 18 de jun.",por 5 noites,R$1.670,"4,91 de uma avaliação média de 5, 58 avaliações
4,91 (58)"
Quarto em Mairiporã,Uma cabana na natureza,,"22 – 27 de jun.
22 – 27 de jun.",por 5 noites,R$1.301,"Novo lugar para ficar
Novo"
Apartamento em São Paulo,Jacuzzi privada e diamantes nas estrelas.,"2 camas
2 camas","21 – 26 de jun.
21 – 26 de jun.",por 5 noites,R$2.847,"5,0 de uma avaliação média de 5, 128 avaliações
5,0 (128)"
Apartamento em São Paulo,Ap Encantador c/ Vista Incrível - 37th - #SampaSky,"Cancelamento gratuito
Cancelamento gratuito","15 – 20 de jun.
15 – 20 de jun.",por 5 noites,R$1.125,"4,7 de uma avaliação média de 5, 90 avaliações
4,7 (90)"
Apartamento em São Paulo,Studio Retrô República luxo - FM,"Cancelamento gratuito
Cancelamento gratuito","30 de jun. – 5 de jul.
30 de jun. – 5 de jul.",por 5 noites,R$970,"4,88 de uma avaliação média de 5, 16 avaliações
4,88 (16)"
Casa de hóspedes em Jardim Novo Embu,Chalé charmoso em chácara com piscina no Embu,"3 camas de casal
3 camas de casal","15 – 20 de jun.
15 – 20 de jun.",por 5 noites,R$2.111,"4,94 de uma avaliação média de 5, 272 avaliações
4,94 (272)"
Apartamento em São Paulo,Stúdio com vaga a 600m do Allianz Parque,"Cancelamento gratuito
Cancelamento gratuito","16 – 21 de jun.
16 – 21 de jun.",por 5 noites,R$1.396,"4,97 de uma avaliação média de 5, 38 avaliações
4,97 (38)"
Casa de hóspedes em Mairiporã,Chalé Vintage Serra Cantareira,"1 cama
1 cama","13 – 18 de jun.
13 – 18 de jun.",por 5 noites,R$1.210,"4,94 de uma avaliação média de 5, 63 avaliações
4,94 (63)"
Apartamento em São Paulo,Studio com Varanda em frente ao Allianz Parque,"Cancelamento gratuito
Cancelamento gratuito","23 – 28 de jun.
23 – 28 de jun.",por 5 noites,R$1.460,"5,0 de uma avaliação média de 5, 17 avaliações
5,0 (17)"
Apartamento em São Paulo,Studio Perdizes | 15º andar | 5 min Allianz Parque,"1 cama de casal
1 cama de casal","13 – 18 de jun.
13 – 18 de jun.",por 5 noites,R$1.232,"5,0 de uma avaliação média de 5, 5 avaliações
5,0 (5)"
Apartamento em São Paulo,Fera Loft 153 – Moderno | Portaria 24h | SP,"Cancelamento gratuito
Cancelamento gratuito","15 – 20 de jun.
15 – 20 de jun.",por 5 noites,R$1.122,"5,0 de uma avaliação média de 5, 52 avaliações
5,0 (52)"
Casa de campo em São Roque,Recanto Bela Vista São Roque,"6 camas
6 camas","10 – 15 de jun.
10 – 15 de jun.",por 5 noites,R$2.134,"4,95 de uma avaliação média de 5, 63 avaliações
4,95 (63)"
Apartamento em São Paulo,Studio alto padrão Cidade Jardim com vaga,"Cancelamento gratuito
Cancelamento gratuito","19 – 24 de jun.
19 – 24 de jun.",por 5 noites,R$1.872,"4,9 de uma avaliação média de 5, 41 avaliações
4,9 (41)"
Apartamento em São Paulo,Loft 3221: Luxo Contemporâneo,"Cancelamento gratuito
Cancelamento gratuito","13 – 18 de jun.
13 – 18 de jun.",por 5 noites,R$1.670,"4,91 de uma avaliação média de 5, 58 avaliações
4,91 (58)"
Loft em Consolação,"Studio moderno no centro de São Paulo, próx metrô","Cancelamento gratuito
Cancelamento gratuito","23 – 28 de jun.
23 – 28 de jun.",por 5 noites,R$896,"4,86 de uma avaliação média de 5, 798 avaliações
4,86 (798)"
Apartamento em Centro Histórico de São Paulo,Mirante Sampa Andar 35,"1 cama queen
1 cama queen","15 – 20 de jun.
15 – 20 de jun.",por 5 noites,R$1.567,"4,7 de uma avaliação média de 5, 300 avaliações
4,7 (300)"
Apartamento em São Paulo,Estúdio Charmoso no Belém 29,"1 cama
1 cama","15 – 20 de jun.
15 – 20 de jun.",por 5 noites,R$799,"4,93 de uma avaliação média de 5, 115 avaliações
4,93 (115)"
Apartamento em São Paulo,002 Apt próximo ao Tatuapé,"1 cama
1 cama","15 – 20 de jun.
15 – 20 de jun.",por 5 noites,R$805,"4,96 de uma avaliação média de 5, 159 avaliações
4,96 (159)"
Microcasa em Ibiúna,Lodge em Ibiúna próximo à Estrada do Vinho,"1 cama king
1 cama king","9 – 14 de jun.
9 – 14 de jun.",por 5 noites,R$2.796,"4,99 de uma avaliação média de 5, 226 avaliações
4,99 (226)"
Chalé em Mairiporã,Recanto do Tatu - Chalé,"3 camas
3 camas","22 – 27 de jun.
22 – 27 de jun.",por 5 noites,R$856,"4,88 de uma avaliação média de 5, 144 avaliações
4,88 (144)"
Apartamento em São Paulo,Jacuzzi < pipoca grátis < Tv 65 < Vista < Pôr do sol,"1 cama de casal
1 cama de casal","19 – 24 de jun.
19 – 24 de jun.",por 5 noites,R$3.374,"4,9 de uma avaliação média de 5, 288 avaliações
4,9 (288)"
Contêiner de transporte em Araçariguama,Casa Contêiner Araçariguama,"Cancelamento gratuito
Cancelamento gratuito","29 de jun. – 4 de jul.
29 de jun. – 4 de jul.",por 5 noites,R$2.853,"5,0 de uma avaliação média de 5, 75 avaliações
5,0 (75)"
Apartamento em São Paulo,LOFT com Vista Panorâmica | Aeroporto SPExpo +A/C,"Cancelamento gratuito
Cancelamento gratuito","29 de jun. – 4 de jul.
29 de jun. – 4 de jul.",por 5 noites,R$1.080,"4,97 de uma avaliação média de 5, 87 avaliações
4,97 (87)"
Casa em Caieiras,Cantareira com vista espetacular: natureza & luxo,,"6 – 11 de jul.
6 – 11 de jul.",por 5 noites,R$5.261,"4,91 de uma avaliação média de 5, 70 avaliações
4,91 (70)"
Quarto em Guarulhos,13 minutos do aeroporto,,"23 – 28 de jul.
23 – 28 de jul.",por 5 noites,R$388,"4,92 de uma avaliação média de 5, 125 avaliações
4,92 (125)"
Casa em São Paulo,2 suítes piscina e área gourmet,"3 camas
3 camas","15 – 20 de jun.
15 – 20 de jun.",por 5 noites,R$1.974,"4,95 de uma avaliação média de 5, 37 avaliações
4,95 (37)"
Apartamento em São Paulo,Estúdio Sky Confort,"1 cama
1 cama","11 – 16 de jun.
11 – 16 de jun.",por 5 noites,R$1.229,"5,0 de uma avaliação média de 5, 35 avaliações
5,0 (35)"
Apartamento em São Paulo,"Terraço com vista deslumbrante, piscina e jardim","1 cama
1 cama","30 de jun. – 5 de jul.
30 de jun. – 5 de jul.",por 5 noites,R$3.184,"4,97 de uma avaliação média de 5, 36 avaliações
4,97 (36)"
Apartamento em São Paulo,ap Arouche novo cama 999 massagens terapêuticas,"2 camas
2 camas","15 – 20 de jun.
15 – 20 de jun.",por 5 noites,R$947,"4,89 de uma avaliação média de 5, 179 avaliações
4,89 (179)"
Apartamento em São Paulo,Studio admirável em São Paulo próximo ao metrô,"Cancelamento gratuito
Cancelamento gratuito","23 – 28 de jun.
23 – 28 de jun.",por 5 noites,R$873,"4,8 de uma avaliação média de 5, 91 avaliações
4,8 (91)"
Quarto em Mairiporã,Cidade do interior a meia hora de sao paulo,,"9 – 14 de jun.
9 – 14 de jun.",por 5 noites,R$1.021,"4,88 de uma avaliação média de 5, 82 avaliações
4,88 (82)"
Apartamento em São Paulo,Seu espaço no Brooklin!,"Cancelamento gratuito
Cancelamento gratuito","29 de jun. – 4 de jul.
29 de jun. – 4 de jul.",por 5 noites,R$1.141,"4,97 de uma avaliação média de 5, 30 avaliações
4,97 (30)"
Apartamento em São Paulo,Studio próximo a estação de metro Giovanni Gronchi,"Cancelamento gratuito
Cancelamento gratuito","29 de jun. – 4 de jul.
29 de jun. – 4 de jul.",por 5 noites,R$1.027,"4,97 de uma avaliação média de 5, 35 avaliações
4,97 (35)"
Apartamento em São Paulo,Garden estiloso conforto ar-condicionado e Wi-Fi,"Cancelamento gratuito
Cancelamento gratuito","29 de jun. – 4 de jul.
29 de jun. – 4 de jul.",por 5 noites,R$907,"4,85 de uma avaliação média de 5, 99 avaliações
4,85 (99)"
Apartamento em Centro Histórico de São Paulo,Jacuzzi < pipoca grátis < Tv 65 < Vista < Sunrise,"1 cama de casal
1 cama de casal","20 – 25 de jun.
20 – 25 de jun.",por 5 noites,R$3.200,"4,93 de uma avaliação média de 5, 402 avaliações
4,93 (402)"
Apartamento em São Paulo,Sob a ótica do 35° andar #sampasky,"Cancelamento gratuito
Cancelamento gratuito","29 de jun. – 4 de jul.
29 de jun. – 4 de jul.",por 5 noites,R$1.312,"4,92 de uma avaliação média de 5, 66 avaliações
4,92 (66)"
Apartamento em São Paulo,"GoodVibes São Paulo. Hidro, Relax e Espaço de Trabalho","2 camas
2 camas","22 – 27 de jun.
22 – 27 de jun.",por 5 noites,R$2.172,"4,99 de uma avaliação média de 5, 100 avaliações
4,99 (100)"
Casa em Caieiras,Cantareira com vista espetacular: natureza & luxo,,"6 – 11 de jul.
6 – 11 de jul.",por 5 noites,R$5.261,"4,91 de uma avaliação média de 5, 70 avaliações
4,91 (70)"
Quarto em Mairiporã,Cidade do interior a meia hora de sao paulo,,"9 – 14 de jun.
9 – 14 de jun.",por 5 noites,R$1.021,"4,88 de uma avaliação média de 5, 82 avaliações
4,88 (82)"
Casa em São Paulo,2 suítes piscina e área gourmet,"3 camas
3 camas","15 – 20 de jun.
15 – 20 de jun.",por 5 noites,R$1.974,"4,95 de uma avaliação média de 5, 37 avaliações
4,95 (37)"
Apartamento em São Paulo,"Terraço com vista deslumbrante, piscina e jardim","1 cama
1 cama","30 de jun. – 5 de jul.
30 de jun. – 5 de jul.",por 5 noites,R$3.184,"4,97 de uma avaliação média de 5, 36 avaliações
4,97 (36)"
Apartamento em São Paulo,Studio admirável em São Paulo próximo ao metrô,"Cancelamento gratuito
Cancelamento gratuito","23 – 28 de jun.
23 – 28 de jun.",por 5 noites,R$873,"4,8 de uma avaliação média de 5, 91 avaliações
4,8 (91)"
Cabana em Mairiporã,Cabana A-frame na Serra da Cantareira(chalé),"1 cama de casal
1 cama de casal","15 – 20 de jun.
15 – 20 de jun.",por 5 noites,R$3.937,"4,77 de uma avaliação média de 5, 256 avaliações
4,77 (256)"
Cabana em Mairiporã,Chalé do Lago,"1 cama king
1 cama king","22 – 27 de jun.
22 – 27 de jun.",por 5 noites,R$1.931,"4,98 de uma avaliação média de 5, 87 avaliações
4,98 (87)"
Apartamento em São Paulo,Studio próximo a estação de metro Giovanni Gronchi,"Cancelamento gratuito
Cancelamento gratuito","29 de jun. – 4 de jul.
29 de jun. – 4 de jul.",por 5 noites,R$1.027,"4,97 de uma avaliação média de 5, 35 avaliações
4,97 (35)"
Apartamento em São Paulo,Estúdio Sky Confort,"1 cama
1 cama","11 – 16 de jun.
11 – 16 de jun.",por 5 noites,R$1.229,"5,0 de uma avaliação média de 5, 35 avaliações
5,0 (35)"
Apartamento em São Paulo,Sob a ótica do 35° andar #sampasky,"Cancelamento gratuito
Cancelamento gratuito","29 de jun. – 4 de jul.
29 de jun. – 4 de jul.",por 5 noites,R$1.312,"4,92 de uma avaliação média de 5, 66 avaliações
4,92 (66)"
Apartamento em São Paulo,Santorini Sampa Spa: vista do 19º andar,"1 cama queen
1 cama queen","13 – 18 de jun.
13 – 18 de jun.",por 5 noites,R$3.159,"4,81 de uma avaliação média de 5, 62 avaliações
4,81 (62)"
Casa de campo em São Paulo,Casa Container em São Paulo! Petfriendly!,"Cancelamento gratuito
Cancelamento gratuito","17 – 22 de jun.
17 – 22 de jun.",por 5 noites,R$3.138,"4,91 de uma avaliação média de 5, 33 avaliações
4,91 (33)"
Apartamento em São Paulo,Studio Magnífico Aeroporto SP Expo Metrô,"Cancelamento gratuito
Cancelamento gratuito","20 – 25 de jun.
20 – 25 de jun.",por 5 noites,R$1.120,"5,0 de uma avaliação média de 5, 69 avaliações
5,0 (69)"
Apartamento em São Paulo,Garden estiloso conforto ar-condicionado e Wi-Fi,"Cancelamento gratuito
Cancelamento gratuito","29 de jun. – 4 de jul.
29 de jun. – 4 de jul.",por 5 noites,R$907,"4,85 de uma avaliação média de 5, 99 avaliações
4,85 (99)"
Casa de cúpula em Mairiporã,Domo geodésico: glamping na floresta de bambu.,"1 cama de casal
1 cama de casal","15 – 20 de jun.
15 – 20 de jun.",por 5 noites,R$3.697,"4,76 de uma avaliação média de 5, 178 avaliações
4,76 (178)"
Apartamento em São Paulo,Apto Luxo no Brás / Templo de Salomão / Metrô,"1 cama queen
1 cama queen","22 – 27 de jun.
22 – 27 de jun.",por 5 noites,R$1.107,"5,0 de uma avaliação média de 5, 3 avaliações
5,0 (3)"
Apartamento em São Paulo,"Studio - Perdizes a 8 min, Allianz e Espaço Unimed","Cancelamento gratuito
Cancelamento gratuito","29 de jun. – 4 de jul.
29 de jun. – 4 de jul.",por 5 noites,R$925,"5,0 de uma avaliação média de 5, 40 avaliações
5,0 (40)"
Quarto em Mairiporã,Ar do campo a 30 minutos de São Paulo e aeroporto,,"10 – 15 de jun.
10 – 15 de jun.",por 5 noites,R$1.027,"4,94 de uma avaliação média de 5, 196 avaliações
4,94 (196)"
Apartamento em São Paulo,Studio em São Paulo próximo ao metrô,"Cancelamento gratuito
Cancelamento gratuito","23 – 28 de jun.
23 – 28 de jun.",por 5 noites,R$873,"4,79 de uma avaliação média de 5, 174 avaliações
4,79 (174)"
Apartamento em São Paulo,Jacuzzi < pipoca grátis < Tv 65 < Vista < Pôr do sol,"1 cama de casal
1 cama de casal","20 – 25 de jun.
20 – 25 de jun.",por 5 noites,R$3.200,"4,92 de uma avaliação média de 5, 280 avaliações
4,92 (280)"
Apartamento em São Paulo,Casa da Vovó no #SampaSky c/ Cine HD + Banheira,"Cancelamento gratuito
Cancelamento gratuito","15 – 20 de jun.
15 – 20 de jun.",por 5 noites,R$3.120,"4,95 de uma avaliação média de 5, 21 avaliações
4,95 (21)"
Apartamento em São Paulo,BA63 Studio Premium Vila Mariana Metro Santa Cruz,"1 cama de casal
1 cama de casal","9 – 14 de jun.
9 – 14 de jun.",por 5 noites,R$947,"4,89 de uma avaliação média de 5, 18 avaliações
4,89 (18)"
Apartamento em São Paulo,Studio aconchegante com ar e excelente localização,"Cancelamento gratuito
Cancelamento gratuito","23 – 28 de jun.
23 – 28 de jun.",por 5 noites,R$964,"4,77 de uma avaliação média de 5, 97 avaliações
4,77 (97)"
Apartamento em São Paulo,"Studio Moov49, próx Metrô Brás, cozinha completa.","Cancelamento gratuito
Cancelamento gratuito","23 – 28 de jun.
23 – 28 de jun.",por 5 noites,R$799,"4,93 de uma avaliação média de 5, 121 avaliações
4,93 (121)"
Casa em Guarulhos,Studio 6 Luxo GRU aeroporto,"1 cama
1 cama","15 – 20 de jun.
15 – 20 de jun.",por 5 noites,R$672,"4,77 de uma avaliação média de 5, 22 avaliações
4,77 (22)"
Apartamento em Guarulhos,"Aeroporto de Gru, Skyline + AR, Piscina e Academia","Cancelamento gratuito
Cancelamento gratuito","21 – 26 de jun.
21 – 26 de jun.",por 5 noites,R$1.365,"4,97 de uma avaliação média de 5, 35 avaliações
4,97 (35)"
Casa em São Roque,Loft na Mata em São Roque!,"Cancelamento gratuito
Cancelamento gratuito","7 – 12 de jul.
7 – 12 de jul.",por 5 noites,R$3.047,"5,0 de uma avaliação média de 5, 4 avaliações
5,0 (4)"
Apartamento em São Roque,"Loft em São Roque, perto da Rota do Vinho","Cancelamento gratuito
Cancelamento gratuito","3 – 8 de ago.
3 – 8 de ago.",por 5 noites,R$1.141,"4,97 de uma avaliação média de 5, 71 avaliações
4,97 (71)"
Chalé em Mairiporã,"Cachoeiras a 20 m dos chalés , Wi-Fi do Bom.","4 camas
4 camas","16 – 21 de jun.
16 – 21 de jun.",por 5 noites,R$1.906,"4,96 de uma avaliação média de 5, 135 avaliações
4,96 (135)"
Casa em Mairiporã,Mansão Serra da Cantareira Mairiporã,"5 camas
5 camas","11 – 16 de jun.
11 – 16 de jun.",por 5 noites,R$10.613,"5,0 de uma avaliação média de 5, 45 avaliações
5,0 (45)"
Apartamento em São Paulo,37th do #SampaSky: Custo Benefício no Topo de SP,"Cancelamento gratuito
Cancelamento gratuito","15 – 20 de jun.
15 – 20 de jun.",por 5 noites,R$1.136,"4,42 de uma avaliação média de 5, 43 avaliações
4,42 (43)"
Loft em São Paulo,Encanto e aconchego de frente para o Vale!,"1 cama queen
1 cama queen","15 – 20 de jun.
15 – 20 de jun.",por 5 noites,R$876,"4,94 de uma avaliação média de 5, 139 avaliações
4,94 (139)"
Apartamento em São Paulo,Studio moderno com por do sol no 27ª do Copan,"Cancelamento gratuito
Cancelamento gratuito","22 – 27 de jun.
22 – 27 de jun.",por 5 noites,R$1.875,"4,83 de uma avaliação média de 5, 227 avaliações
4,83 (227)"
Apartamento em São Paulo,Bela Vista - Frei Caneca,"Cancelamento gratuito
Cancelamento gratuito","6 – 11 de jul.
6 – 11 de jul.",por 5 noites,R$1.113,"4,96 de uma avaliação média de 5, 111 avaliações
4,96 (111)"
Apartamento em São Paulo,Studios alto padrão à 2 minutos Aeroporto,"Cancelamento gratuito
Cancelamento gratuito","22 – 27 de jun.
22 – 27 de jun.",por 5 noites,R$1.141,"4,95 de uma avaliação média de 5, 44 avaliações
4,95 (44)"
Apartamento em São Paulo,Estúdio temático no 40° andar - kombi com banheira,,"18 – 23 de jun.
18 – 23 de jun.",por 5 noites,R$2.072,"4,71 de uma avaliação média de 5, 63 avaliações
4,71 (63)"
Apartamento em São Paulo,37th do #SampaSky: Custo Benefício no Topo de SP,"Cancelamento gratuito
Cancelamento gratuito","15 – 20 de jun.
15 – 20 de jun.",por 5 noites,R$1.136,"4,42 de uma avaliação média de 5, 43 avaliações
4,42 (43)"
Apartamento em São Paulo,Mirante: Um studio surpreendente te espera,"Cancelamento gratuito
Cancelamento gratuito","6 – 11 de jul.
6 – 11 de jul.",por 5 noites,R$1.369,"4,96 de uma avaliação média de 5, 133 avaliações
4,96 (133)"
Apartamento em Guarulhos,"Aeroporto de Gru, Ar Condicionado,Piscina,Academia","Cancelamento gratuito
Cancelamento gratuito","15 – 20 de jun.
15 – 20 de jun.",por 5 noites,R$1.195,"4,92 de uma avaliação média de 5, 61 avaliações
4,92 (61)"
Apartamento em São Paulo,Andar 41 Oficial < Jacuzzi < pipoca free < tv 65,"1 cama de casal
1 cama de casal","21 – 26 de jun.
21 – 26 de jun.",por 5 noites,R$3.102,"4,93 de uma avaliação média de 5, 273 avaliações
4,93 (273)"
Apartamento em São Paulo,Studios alto padrão à 2 minutos Aeroporto,"Cancelamento gratuito
Cancelamento gratuito","22 – 27 de jun.
22 – 27 de jun.",por 5 noites,R$1.141,"4,95 de uma avaliação média de 5, 44 avaliações
4,95 (44)"
Microcasa em São Roque,Farmhouse com café da manhã,"Cancelamento gratuito
Cancelamento gratuito","22 – 27 de jun.
22 – 27 de jun.",por 5 noites,R$3.000,"Novo lugar para ficar
Novo"
Casa em Jundiaí,Villas Boas House,"Cancelamento gratuito
Cancelamento gratuito","29 de jun. – 4 de jul.
29 de jun. – 4 de jul.",por 5 noites,R$665,"5,0 de uma avaliação média de 5, 3 avaliações
5,0 (3)"
Apartamento em São Paulo,Confortável e Prático -LOFT SP-,"Cancelamento gratuito
Cancelamento gratuito","6 – 11 de jul.
6 – 11 de jul.",por 5 noites,R$1.319,"5,0 de uma avaliação média de 5, 14 avaliações
5,0 (14)"
Casa de hóspedes em São Roque,São Hostel - Suite 02 - São Roque.,"1 cama de casal
1 cama de casal","22 – 27 de jun.
22 – 27 de jun.",por 5 noites,R$844,"5,0 de uma avaliação média de 5, 28 avaliações
5,0 (28)"
Apartamento em São Paulo,"Decor Boho, Alma Livre e Muito Conforto","1 cama de casal
1 cama de casal","9 – 14 de jun.
9 – 14 de jun.",por 5 noites,R$885,"Novo lugar para ficar
Novo"
Pousada em São Roque,Chalé Orquídea Sítio Lar DaTerra com hidro e Café,"Cancelamento gratuito
Cancelamento gratuito","22 – 27 de jun.
22 – 27 de jun.",por 5 noites,R$5.950,"5,0 de uma avaliação média de 5, 47 avaliações
5,0 (47)"
Casa de hóspedes em Embu das Artes,suíte para até duas pessoas com piscina,"2 camas de solteiro
2 camas de solteiro","9 – 14 de jun.
9 – 14 de jun.",por 5 noites,R$856,"4,89 de uma avaliação média de 5, 44 avaliações
4,89 (44)"
Contêiner de transporte em São Roque,Comtainer Da Terra Experiência e requinte na Mata!,"1 cama
1 cama","22 – 27 de jun.
22 – 27 de jun.",por 5 noites,R$6.650,"4,95 de uma avaliação média de 5, 21 avaliações
4,95 (21)"
Casa em Vila Sirene,Estúdio aconchegante próx ao metro,"Cancelamento gratuito
Cancelamento gratuito","16 – 21 de jun.
16 – 21 de jun.",por 5 noites,R$377,"4,83 de uma avaliação média de 5, 186 avaliações
4,83 (186)"
Apartamento em São Paulo,Charmoso Studio Brooklin/ Consulado,"Cancelamento gratuito
Cancelamento gratuito","15 – 20 de jun.
15 – 20 de jun.",por 5 noites,R$1.215,"4,96 de uma avaliação média de 5, 165 avaliações
4,96 (165)"
Suíte de hóspedes em São Roque,Loft amplo e confortável com lareira e jardim.,"Cancelamento gratuito
Cancelamento gratuito","22 – 27 de jun.
22 – 27 de jun.",por 5 noites,R$1.575,"4,9 de uma avaliação média de 5, 175 avaliações
4,9 (175)"
Microcasa em Cotia,Refúgio no paraíso,"1 cama
1 cama","9 – 14 de jun.
9 – 14 de jun.",por 5 noites,R$4.051,"5,0 de uma avaliação média de 5, 4 avaliações
5,0 (4)"
Apartamento em São Paulo,Studio completo no coração de SP | República,"2 camas de solteiro
2 camas de solteiro","13 – 18 de jun.
13 – 18 de jun.",por 5 noites,R$857,"4,71 de uma avaliação média de 5, 259 avaliações
4,71 (259)"
Apartamento em São Paulo,Apto inteiro com ótima estrutura,"1 cama de casal
1 cama de casal","12 – 17 de jun.
12 – 17 de jun.",por 5 noites,R$1.141,"4,95 de uma avaliação média de 5, 153 avaliações
4,95 (153)"
Apartamento em São Paulo,1113 - Sky Mirante/Conforto e Localização perfeita,"Cancelamento gratuito
Cancelamento gratuito","6 – 11 de jul.
6 – 11 de jul.",por 5 noites,R$605,"4,95 de uma avaliação média de 5, 19 avaliações
4,95 (19)"
Casa de veraneio em Cotia,Um Lugar encantador com ofurô ao ar livre,"1 cama de casal
1 cama de casal","23 – 28 de jun.
23 – 28 de jun.",por 5 noites,R$2.568,"4,74 de uma avaliação média de 5, 99 avaliações
4,74 (99)"
Quarto em Jundiaí,Loft Duplo Moderno e Exclusivo Em Jundiaí,,"10 – 15 de jun.
10 – 15 de jun.",por 5 noites,R$685,"4,92 de uma avaliação média de 5, 25 avaliações
4,92 (25)"
Apartamento em São Paulo,Anália Franco | Studio 700m Universidade C. do Sul,"1 cama queen
1 cama queen","15 – 20 de jun.
15 – 20 de jun.",por 5 noites,R$1.106,"5,0 de uma avaliação média de 5, 18 avaliações
5,0 (18)"
Chalé em Mairiporã,Chalé alto bucólica,"Cancelamento gratuito
Cancelamento gratuito","30 de jun. – 5 de jul.
30 de jun. – 5 de jul.",por 5 noites,R$1.792,"4,92 de uma avaliação média de 5, 159 avaliações
4,92 (159)"
Casa de hóspedes em São Roque,Casa de hóspede,"Cancelamento gratuito
Cancelamento gratuito","22 – 27 de jun.
22 – 27 de jun.",por 5 noites,R$650,"4,72 de uma avaliação média de 5, 39 avaliações
4,72 (39)"
Apartamento em São Paulo,3526 - Loft em São Paulo,"Cancelamento gratuito
Cancelamento gratuito","15 – 20 de jun.
15 – 20 de jun.",por 5 noites,R$1.125,"4,88 de uma avaliação média de 5, 59 avaliações
4,88 (59)"
Apartamento em São Paulo,Apartamento Twenty One Pilots Flat Paulista,"Cancelamento gratuito
Cancelamento gratuito","14 – 19 de jun.
14 – 19 de jun.",por 5 noites,R$1.218,"4,91 de uma avaliação média de 5, 65 avaliações
4,91 (65)"
Quarto em São Paulo,Quarto amplo privativo a 2 minutos da AV. Paulista,,"30 de jun. – 5 de jul.
30 de jun. – 5 de jul.",por 5 noites,R$743,"4,94 de uma avaliação média de 5, 177 avaliações
4,94 (177)"
Apartamento em São Paulo,"37 studio novo, próx ao shopping","1 cama
1 cama","12 – 17 de jun.
12 – 17 de jun.",por 5 noites,R$922,"4,9 de uma avaliação média de 5, 120 avaliações
4,9 (120)"
Quarto em São Paulo,05 ※ Quarto Privativo | Metrô Santos-Imigrantes※,,"15 – 20 de jun.
15 – 20 de jun.",por 5 noites,R$424,"5,0 de uma avaliação média de 5, 51 avaliações
5,0 (51)"
Loft em República,Linda Vista Loft Centro São Paulo,"1 cama de casal
1 cama de casal","29 de jun. – 4 de jul.
29 de jun. – 4 de jul.",por 5 noites,R$1.016,"4,82 de uma avaliação média de 5, 220 avaliações
4,82 (220)"
Apartamento em São Paulo,"Estúdio | Prédio com lazer, 1km Estação Hebraica","1 cama queen
1 cama queen","12 – 17 de jun.
12 – 17 de jun.",por 5 noites,R$1.293,"4,49 de uma avaliação média de 5, 45 avaliações
4,49 (45)"
Apartamento em São Paulo,Apto Studio equipado ao lado do metrô,"2 camas
2 camas","15 – 20 de jun.
15 – 20 de jun.",por 5 noites,R$1.324,"4,96 de uma avaliação média de 5, 69 avaliações
4,96 (69)"
Condomínio em São Paulo,"Allianz Parque, Arena Pacaembu e o melhor de SP!","3 camas
3 camas","29 de jun. – 4 de jul.
29 de jun. – 4 de jul.",por 5 noites,R$794,"4,98 de uma avaliação média de 5, 57 avaliações
4,98 (57)"
Apartamento em São Paulo,Estúdio Design Industrial com Fliperama (SampaSky),"3 camas
3 camas","22 – 27 de jun.
22 – 27 de jun.",por 5 noites,R$1.010,"4,64 de uma avaliação média de 5, 14 avaliações
4,64 (14)"
Apartamento em Centro Histórico de São Paulo,Jacuzzi < pipoca grátis < Tv 65 < Vista < Pôr do sol,"1 cama de casal
1 cama de casal","30 de jun. – 5 de jul.
30 de jun. – 5 de jul.",por 5 noites,R$4.424,"4,88 de uma avaliação média de 5, 218 avaliações
4,88 (218)"
Apartamento em São Paulo,Estúdio Design Industrial com Fliperama (SampaSky),"3 camas
3 camas","22 – 27 de jun.
22 – 27 de jun.",por 5 noites,R$1.010,"4,64 de uma avaliação média de 5, 14 avaliações
4,64 (14)"
Apartamento em São Paulo,Studio aconchegante V. Formosa,"Cancelamento gratuito
Cancelamento gratuito","15 – 20 de jun.
15 – 20 de jun.",por 5 noites,R$690,"5,0 de uma avaliação média de 5, 6 avaliações
5,0 (6)"
Quarto de hotel em Joanópolis,Altar Ninho – Joanópolis,"2 camas
2 camas","22 – 27 de jun.
22 – 27 de jun.",por 5 noites,R$2.871,"4,67 de uma avaliação média de 5, 6 avaliações
4,67 (6)"
Cabana em Mairiporã,chalés aconchegantes 2,"1 cama
1 cama","9 – 14 de jun.
9 – 14 de jun.",por 5 noites,R$2.282,"4,82 de uma avaliação média de 5, 17 avaliações
4,82 (17)"
Apartamento em São Paulo,Apto Perdizes Novíssimo p Allianz e Hosp Einstein,"2 camas
2 camas","15 – 20 de jun.
15 – 20 de jun.",por 5 noites,R$954,"5,0 de uma avaliação média de 5, 5 avaliações
5,0 (5)"
Quarto em Guarulhos,Quarto 15min perto Aeroporto Gru,,"2 – 7 de jul.
2 – 7 de jul.",por 5 noites,R$496,"5,0 de uma avaliação média de 5, 3 avaliações
5,0 (3)"
Apartamento em São Paulo,Studio adaptado PNE próximo à PUC e Allianz Parque,"1 cama de casal
1 cama de casal","9 – 14 de jun.
9 – 14 de jun.",por 5 noites,R$839,"4,61 de uma avaliação média de 5, 122 avaliações
4,61 (122)"
Apartamento em São Paulo,Belo studio na charmosa Pompéia,"1 cama de casal
1 cama de casal","27 de jun. – 2 de jul.
27 de jun. – 2 de jul.",por 5 noites,R$912,"4,74 de uma avaliação média de 5, 39 avaliações
4,74 (39)"
Apartamento em São Paulo,Refrescante Studio no Metrô Belém/Ar Condicionado,"1 cama de casal
1 cama de casal","15 – 20 de jun.
15 – 20 de jun.",por 5 noites,R$565,"4,64 de uma avaliação média de 5, 58 avaliações
4,64 (58)"
Apartamento em Centro Histórico de São Paulo,Jacuzzi < pipoca grátis < Tv 65 < Vista < Pôr do sol,"1 cama de casal
1 cama de casal","30 de jun. – 5 de jul.
30 de jun. – 5 de jul.",por 5 noites,R$4.424,"4,88 de uma avaliação média de 5, 218 avaliações
4,88 (218)"
Apartamento em São Paulo,Viva o Luxo e Conforto do Novo AD 330 – Apartament,"1 cama de casal
1 cama de casal","11 – 16 de jun.
11 – 16 de jun.",por 5 noites,R$1.181,"4,92 de uma avaliação média de 5, 12 avaliações
4,92 (12)"
Condomínio em São Paulo,Studio Praça Tatuapé,"Cancelamento gratuito
Cancelamento gratuito","15 – 20 de jun.
15 – 20 de jun.",por 5 noites,R$850,"4,88 de uma avaliação média de 5, 8 avaliações
4,88 (8)"
Lugar para ficar em Brooklin,G HOME | Brooklin • Texas • Quarto 4,"Cancelamento gratuito
Cancelamento gratuito","17 – 22 de jun.
17 – 22 de jun.",por 5 noites,R$507,"4,8 de uma avaliação média de 5, 123 avaliações
4,8 (123)"
Apartamento em São Paulo,Grande Apartamento C/Piscina - Metrô Brás,"3 camas
3 camas","12 – 17 de jun.
12 – 17 de jun.",por 5 noites,R$728,"Novo lugar para ficar
Novo"
Quarto em Chácara Malota,Casa da Dani,,"22 – 27 de jun.
22 – 27 de jun.",por 5 noites,R$421,"4,93 de uma avaliação média de 5, 168 avaliações
4,93 (168)"
Apartamento em Centro Histórico de São Paulo,1025 - Um lugar aconchegante!,"Cancelamento gratuito
Cancelamento gratuito","23 – 28 de jun.
23 – 28 de jun.",por 5 noites,R$747,"4,76 de uma avaliação média de 5, 82 avaliações
4,76 (82)"
Hotel em São Paulo,Quarto Vila Olímpia * AR/C * SmartTV * Localização,"Cancelamento gratuito
Cancelamento gratuito","14 – 19 de jun.
14 – 19 de jun.",por 5 noites,R$523,"4,85 de uma avaliação média de 5, 142 avaliações
4,85 (142)"
Quarto em Santana de Parnaíba,Tanq House - Quarto Individual,,"15 – 20 de jun.
15 – 20 de jun.",por 5 noites,R$388,"Novo lugar para ficar
Novo"
Quarto em Santana de Parnaíba,Tanq House - Quarto Individual,,"15 – 20 de jun.
15 – 20 de jun.",por 5 noites,R$388,"Novo lugar para ficar
Novo"
Apartamento em São Paulo,Apto I Wecasa no Brás com Piscina - Metrô Pedro II,"4 camas
4 camas","9 – 14 de jun.
9 – 14 de jun.",por 5 noites,R$742,"4,56 de uma avaliação média de 5, 16 avaliações
4,56 (16)"
Apartamento em São Paulo,"Studio fácil acesso: Puc, Allianz e espaco Unimed","Cancelamento gratuito
Cancelamento gratuito","15 – 20 de jun.
15 – 20 de jun.",por 5 noites,R$1.278,"4,99 de uma avaliação média de 5, 75 avaliações
4,99 (75)"
Condomínio em São Paulo,Studio76 - SP - Expo Imigrantes - Metrô - Garagem,"Cancelamento gratuito
Cancelamento gratuito","14 – 19 de jun.
14 – 19 de jun.",por 5 noites,R$1.021,"4,97 de uma avaliação média de 5, 143 avaliações
4,97 (143)"
Condomínio em São Paulo,Estúdio Garden em Santana - Metrô/ExpoCenterNorte,"Cancelamento gratuito
Cancelamento gratuito","15 – 20 de jun.
15 – 20 de jun.",por 5 noites,R$1.154,"4,96 de uma avaliação média de 5, 47 avaliações
4,96 (47)"
Loft em São Paulo,"Aconchegante, #SampaSky, Cozinha 100%, 25 de Março","2 camas
2 camas","16 – 21 de jun.
16 – 21 de jun.",por 5 noites,R$1.137,"4,97 de uma avaliação média de 5, 93 avaliações
4,97 (93)"
Apartamento em São Roque,Apartamento no roteiro do vinho,"Cancelamento gratuito
Cancelamento gratuito","23 – 28 de jun.
23 – 28 de jun.",por 5 noites,R$1.917,"4,96 de uma avaliação média de 5, 81 avaliações
4,96 (81)"
Apartamento em São Paulo,Elegância e conforto na Paulista - 2407,"Cancelamento gratuito
Cancelamento gratuito","22 – 27 de jun.
22 – 27 de jun.",por 5 noites,R$1.501,"5,0 de uma avaliação média de 5, 36 avaliações
5,0 (36)"
Apartamento em São Paulo,Studio novo em São Paulo próximo ao metrô,"Cancelamento gratuito
Cancelamento gratuito","18 – 23 de jul.
18 – 23 de jul.",por 5 noites,R$947,"4,89 de uma avaliação média de 5, 334 avaliações
4,89 (334)"
Apartamento em São Paulo,Ap 12° andar 300mts do metrô Barra Funda,"2 camas
2 camas","17 – 22 de jun.
17 – 22 de jun.",por 5 noites,R$1.198,"5,0 de uma avaliação média de 5, 84 avaliações
5,0 (84)"
Loft em São Paulo,Loft-Ateliê: 75m2 de charme e bossa nas alturas!,"Cancelamento gratuito
Cancelamento gratuito","20 – 25 de jun.
20 – 25 de jun.",por 5 noites,R$1.906,"4,94 de uma avaliação média de 5, 52 avaliações
4,94 (52)"
Loft em Perdizes,Belíssimo Studio Perdizes,"Cancelamento gratuito
Cancelamento gratuito","23 – 28 de jun.
23 – 28 de jun.",por 5 noites,R$1.175,"4,95 de uma avaliação média de 5, 269 avaliações
4,95 (269)"
Apartamento em São Paulo,Studio Aconchegante Próx a Av Paulista e Sirio,"1 cama de casal
1 cama de casal","9 – 14 de jun.
9 – 14 de jun.",por 5 noites,R$915,"Novo lugar para ficar
Novo"
Albergue em São Paulo,Quarto c/ Netflix - Vila Olímpia - A44,"Cancelamento gratuito
Cancelamento gratuito","14 – 19 de jun.
14 – 19 de jun.",por 5 noites,R$534,"5,0 de uma avaliação média de 5, 63 avaliações
5,0 (63)"
Apartamento em São Paulo,Studio aconchegante,"Cancelamento gratuito
Cancelamento gratuito","22 – 27 de jun.
22 – 27 de jun.",por 5 noites,R$1.101,"4,93 de uma avaliação média de 5, 28 avaliações
4,93 (28)"
Apartamento em São Paulo,AP44- Apartamento Luxo Prox. Metrô / CGH / SP EXPO,"Cancelamento gratuito
Cancelamento gratuito","22 – 27 de jun.
22 – 27 de jun.",por 5 noites,R$1.027,"4,86 de uma avaliação média de 5, 14 avaliações
4,86 (14)"
Apartamento em São Paulo,Studio top com vista para cidade,"Cancelamento gratuito
Cancelamento gratuito","30 de jun. – 5 de jul.
30 de jun. – 5 de jul.",por 5 noites,R$884,"5,0 de uma avaliação média de 5, 3 avaliações
5,0 (3)"
Chalé em São Roque,Recanto Góes Machado! Quarto Lucas,"Cancelamento gratuito
Cancelamento gratuito","22 – 27 de jun.
22 – 27 de jun.",por 5 noites,R$2.705,"5,0 de uma avaliação média de 5, 15 avaliações
5,0 (15)"
Apartamento em São Paulo,Studio Aconchegante Próx a Av Paulista e Sirio,"1 cama de casal
1 cama de casal","9 – 14 de jun.
9 – 14 de jun.",por 5 noites,R$915,"Novo lugar para ficar
Novo"
Apartamento em São Paulo,Studio aconchegante,"Cancelamento gratuito
Cancelamento gratuito","22 – 27 de jun.
22 – 27 de jun.",por 5 noites,R$1.101,"4,93 de uma avaliação média de 5, 28 avaliações
4,93 (28)"
Apartamento em São Paulo,Ap 12° andar 300mts do metrô Barra Funda,"2 camas
2 camas","17 – 22 de jun.
17 – 22 de jun.",por 5 noites,R$1.198,"5,0 de uma avaliação média de 5, 84 avaliações
5,0 (84)"
Apartamento em São Paulo,Studio top com vista para cidade,"Cancelamento gratuito
Cancelamento gratuito","30 de jun. – 5 de jul.
30 de jun. – 5 de jul.",por 5 noites,R$884,"5,0 de uma avaliação média de 5, 3 avaliações
5,0 (3)"
Apartamento em São Paulo,AP44- Apartamento Luxo Prox. Metrô / CGH / SP EXPO,"Cancelamento gratuito
Cancelamento gratuito","22 – 27 de jun.
22 – 27 de jun.",por 5 noites,R$1.027,"4,86 de uma avaliação média de 5, 14 avaliações
4,86 (14)"
Condomínio em São Paulo,"SP Elegante Rodoviária/Metrô,ExpoCenterNorte/Wi-Fi","Cancelamento gratuito
Cancelamento gratuito","26 de jun. – 1 de jul.
26 de jun. – 1 de jul.",por 5 noites,R$935,"4,87 de uma avaliação média de 5, 67 avaliações
4,87 (67)"
Chalé em São Roque,Recanto Góes Machado! Quarto Lucas,"Cancelamento gratuito
Cancelamento gratuito","22 – 27 de jun.
22 – 27 de jun.",por 5 noites,R$2.705,"5,0 de uma avaliação média de 5, 15 avaliações
5,0 (15)"
Apartamento em São Paulo,Flat inspirado da Série Friends Próx. da Paulista,"Cancelamento gratuito
Cancelamento gratuito","15 – 20 de jun.
15 – 20 de jun.",por 5 noites,R$1.568,"4,8 de uma avaliação média de 5, 393 avaliações
4,8 (393)"
Casa em São Roque,Loft D'Coração,"2 camas
2 camas","9 – 14 de jun.
9 – 14 de jun.",por 5 noites,R$1.232,"5,0 de uma avaliação média de 5, 3 avaliações
5,0 (3)"
Apartamento em São Paulo,Novo Studio no SP Center!,"Cancelamento gratuito
Cancelamento gratuito","23 – 28 de jun.
23 – 28 de jun.",por 5 noites,R$873,"4,87 de uma avaliação média de 5, 238 avaliações
4,87 (238)"
Apartamento em São Paulo,Queridinho de Santana/AR/TerRod/Metrô/ExpoCN/WiFi,"Cancelamento gratuito
Cancelamento gratuito","27 de jun. – 2 de jul.
27 de jun. – 2 de jul.",por 5 noites,R$1.119,"4,95 de uma avaliação média de 5, 87 avaliações
4,95 (87)"
Apartamento em Guarulhos,"Aeroporto de Gru, Ar Condicionado,Piscina+Academia","Cancelamento gratuito
Cancelamento gratuito","29 de jun. – 4 de jul.
29 de jun. – 4 de jul.",por 5 noites,R$1.285,"4,98 de uma avaliação média de 5, 103 avaliações
4,98 (103)"
Apartamento em São Paulo,Ascent Paulista | 50 m² | Jardim gourmet,"Cancelamento gratuito
Cancelamento gratuito","29 de jun. – 4 de jul.
29 de jun. – 4 de jul.",por 5 noites,R$1.373,"5,0 de uma avaliação média de 5, 6 avaliações
5,0 (6)"
Cabana em São Roque,Cabana Malbec São Roque,"Cancelamento gratuito
Cancelamento gratuito","22 – 27 de jun.
22 – 27 de jun.",por 5 noites,R$2.707,"4,96 de uma avaliação média de 5, 77 avaliações
4,96 (77)"
Apartamento em São Paulo,Studio aconchegante São Paulo!,"Cancelamento gratuito
Cancelamento gratuito","22 – 27 de jun.
22 – 27 de jun.",por 5 noites,R$1.512,"4,98 de uma avaliação média de 5, 64 avaliações
4,98 (64)"
Apartamento em São Paulo,Studio Exclusivo e Moderno + AC + Piscina + Metrô,"Cancelamento gratuito
Cancelamento gratuito","15 – 20 de jun.
15 – 20 de jun.",por 5 noites,R$1.239,"Novo lugar para ficar
Novo"
Apartamento em São Paulo,"Refúgio Alma Brasileira, Pinheiros/Vila Madalena","Cancelamento gratuito
Cancelamento gratuito","27 de jun. – 2 de jul.
27 de jun. – 2 de jul.",por 5 noites,R$2.020,"5,0 de uma avaliação média de 5, 12 avaliações
5,0 (12)"
Casa em Jundiaí,Suíte Completa c/ Netflix e Wifi,"Cancelamento gratuito
Cancelamento gratuito","22 – 27 de jun.
22 – 27 de jun.",por 5 noites,R$1.084,"4,81 de uma avaliação média de 5, 31 avaliações
4,81 (31)"
Apartamento em São Paulo,Studio aconchegante São Paulo!,"Cancelamento gratuito
Cancelamento gratuito","22 – 27 de jun.
22 – 27 de jun.",por 5 noites,R$1.512,"4,98 de uma avaliação média de 5, 64 avaliações
4,98 (64)"
Apartamento em São Paulo,Studio Exclusivo e Moderno + AC + Piscina + Metrô,"Cancelamento gratuito
Cancelamento gratuito","15 – 20 de jun.
15 – 20 de jun.",por 5 noites,R$1.239,"Novo lugar para ficar
Novo"
Apartamento em São Paulo,5min. a pé do Allianz Parque c/ Piscina e Academia,"1 cama de casal
1 cama de casal","28 de jun. – 3 de jul.
28 de jun. – 3 de jul.",por 5 noites,R$959,"4,86 de uma avaliação média de 5, 36 avaliações
4,86 (36)"
Apartamento em São Paulo,Expo C. Norte-Novo e Charmoso,"2 camas
2 camas","15 – 20 de jun.
15 – 20 de jun.",por 5 noites,R$1.153,"4,97 de uma avaliação média de 5, 72 avaliações
4,97 (72)"
Quarto em Guarulhos,Suíte a 12 minutos do aeroporto,,"13 – 18 de jun.
13 – 18 de jun.",por 5 noites,R$491,"4,92 de uma avaliação média de 5, 132 avaliações
4,92 (132)"
Apartamento em São Paulo,Studio Ecológico | Aeroporto CGH | Q414 - Vezinno,"Cancelamento gratuito
Cancelamento gratuito","16 – 21 de jun.
16 – 21 de jun.",por 5 noites,R$905,"5,0 de uma avaliação média de 5, 66 avaliações
5,0 (66)"
Apartamento em São Paulo,Apart. Lindo | Bairro Liberdade | Ar Condicionado,"2 camas
2 camas","24 – 29 de jun.
24 – 29 de jun.",por 5 noites,R$978,"5,0 de uma avaliação média de 5, 21 avaliações
5,0 (21)"
Apartamento em Vila Baruel,APTO 210 Pro Magno Anhembi Allianz Center Norte,"Cancelamento gratuito
Cancelamento gratuito","16 – 21 de jun.
16 – 21 de jun.",por 5 noites,R$515,"4,89 de uma avaliação média de 5, 37 avaliações
4,89 (37)"
Apartamento em São Paulo,Pinheiros Hy 807 | Vila Madalena & Jardins,"1 cama de casal
1 cama de casal","15 – 20 de jun.
15 – 20 de jun.",por 5 noites,R$1.420,"5,0 de uma avaliação média de 5, 19 avaliações
5,0 (19)"
Apartamento em São Paulo,"Estúdio TOP + AC, piscina, terraço e metrô","1 cama de casal
1 cama de casal","9 – 14 de jun.
9 – 14 de jun.",por 5 noites,R$1.017,"4,87 de uma avaliação média de 5, 69 avaliações
4,87 (69)"
Apartamento em São Paulo,Studio espaçoso com conforto e estilo @Copan c/ Ar,"Cancelamento gratuito
Cancelamento gratuito","22 – 27 de jun.
22 – 27 de jun.",por 5 noites,R$1.450,"4,87 de uma avaliação média de 5, 173 avaliações
4,87 (173)"
Apartamento em São Paulo,M 125 Apartamento novo no Brás 200 metros do metrô,"Cancelamento gratuito
Cancelamento gratuito","23 – 28 de jun.
23 – 28 de jun.",por 5 noites,R$736,"5,0 de uma avaliação média de 5, 9 avaliações
5,0 (9)"
Casa em São Roque,Casa Don Matheus,"Cancelamento gratuito
Cancelamento gratuito","23 – 28 de jun.
23 – 28 de jun.",por 5 noites,R$2.225,"4,96 de uma avaliação média de 5, 93 avaliações
4,96 (93)"
Apartamento em São Paulo,A7| Studio 9º andar - Próx Anhembi,"Cancelamento gratuito
Cancelamento gratuito","22 – 27 de jun.
22 – 27 de jun.",por 5 noites,R$1.262,"4,7 de uma avaliação média de 5, 20 avaliações
4,7 (20)"
Apartamento em Guarulhos,Estúdio Premium-Próx Aeroporto Gru,"Cancelamento gratuito
Cancelamento gratuito","15 – 20 de jun.
15 – 20 de jun.",por 5 noites,R$1.090,"5,0 de uma avaliação média de 5, 11 avaliações
5,0 (11)"
Apartamento em São Paulo,"Refúgio Alma Brasileira, Pinheiros/Vila Madalena","Cancelamento gratuito
Cancelamento gratuito","27 de jun. – 2 de jul.
27 de jun. – 2 de jul.",por 5 noites,R$2.020,"5,0 de uma avaliação média de 5, 12 avaliações
5,0 (12)"
Apartamento em República,316_Setin Centro República,"Cancelamento gratuito
Cancelamento gratuito","25 – 30 de jun.
25 – 30 de jun.",por 5 noites,R$953,"4,84 de uma avaliação média de 5, 292 avaliações
4,84 (292)"
Apartamento em São Paulo,"SPA, Academia e Garagem a 10 min. a pé do Aero CGH","2 camas
2 camas","15 – 20 de jun.
15 – 20 de jun.",por 5 noites,R$1.162,"4,89 de uma avaliação média de 5, 57 avaliações
4,89 (57)"
Apartamento em São Paulo,Studio R em frente ao metrô/ garagem gratis/centro,"1 cama de casal
1 cama de casal","22 – 27 de jun.
22 – 27 de jun.",por 5 noites,R$883,"4,64 de uma avaliação média de 5, 45 avaliações
4,64 (45)"
Apartamento em São Paulo,Apartamento luxo Campo Belo próximo ao aeroporto,"Cancelamento gratuito
Cancelamento gratuito","25 – 30 de jun.
25 – 30 de jun.",por 5 noites,R$1.210,"4,85 de uma avaliação média de 5, 41 avaliações
4,85 (41)"
Apartamento em São Paulo,Studio em Moema,"Cancelamento gratuito
Cancelamento gratuito","15 – 20 de jun.
15 – 20 de jun.",por 5 noites,R$1.712,"5,0 de uma avaliação média de 5, 39 avaliações
5,0 (39)"
Apartamento em São Paulo,"GoodVibes São Paulo. Hidro, Relax e Espaço de Trabalho","2 camas
2 camas","22 – 27 de jun.
22 – 27 de jun.",por 5 noites,R$2.172,"4,99 de uma avaliação média de 5, 100 avaliações
4,99 (100)"
Apartamento em São Paulo,Studio Santana Exclusivo Estilo e Personalidade.,"Cancelamento gratuito
Cancelamento gratuito","9 – 14 de jul.
9 – 14 de jul.",por 5 noites,R$1.180,"4,96 de uma avaliação média de 5, 114 avaliações
4,96 (114)"
Loft em São Paulo,Apartamento Centro de São Paulo,"Cancelamento gratuito
Cancelamento gratuito","22 – 27 de jun.
22 – 27 de jun.",por 5 noites,R$921,"5,0 de uma avaliação média de 5, 17 avaliações
5,0 (17)"
Apartamento em São Paulo,Studio 13º Andar Lazer Piscina vizinho metrô Belém,"1 cama de casal
1 cama de casal","12 – 17 de jun.
12 – 17 de jun.",por 5 noites,R$864,"4,67 de uma avaliação média de 5, 12 avaliações
4,67 (12)"
Apartamento em São Paulo,Apê super aconchegante Pinheiros,"Cancelamento gratuito
Cancelamento gratuito","13 – 18 de jun.
13 – 18 de jun.",por 5 noites,R$2.436,"Novo lugar para ficar
Novo"
Casa em Mairiporã,Casinha Pôr do sol,"Cancelamento gratuito
Cancelamento gratuito","30 de jun. – 5 de jul.
30 de jun. – 5 de jul.",por 5 noites,R$2.257,"5,0 de uma avaliação média de 5, 24 avaliações
5,0 (24)"
"Apartamento em República, São Paulo",LOFT 1513 - Praça da República / Coração de SP,"1 cama queen
1 cama queen","14 – 19 de jun.
14 – 19 de jun.",por 5 noites,R$1.290,"4,84 de uma avaliação média de 5, 268 avaliações
4,84 (268)"
Apartamento em São Paulo,Studio São Paulo Liberdade,"Cancelamento gratuito
Cancelamento gratuito","25 – 30 de jul.
25 – 30 de jul.",por 5 noites,R$1.264,"5,0 de uma avaliação média de 5, 70 avaliações
5,0 (70)"
Quarto em São Paulo,4 Quarto Bia,,"15 – 20 de jun.
15 – 20 de jun.",por 5 noites,R$395,"4,89 de uma avaliação média de 5, 9 avaliações
4,89 (9)"
Apartamento em São Paulo,Apto novo- 2 min a pé do Metrô Bresser Mooca,"1 cama
1 cama","29 de jun. – 4 de jul.
29 de jun. – 4 de jul.",por 5 noites,R$622,"5,0 de uma avaliação média de 5, 5 avaliações
5,0 (5)"
Apartamento em São Paulo,Nex One Faria Lima | Pinheiros,"Cancelamento gratuito
Cancelamento gratuito","22 – 27 de jun.
22 – 27 de jun.",por 5 noites,R$1.348,"5,0 de uma avaliação média de 5, 7 avaliações
5,0 (7)"
Suíte de hóspedes em São Paulo,Oscar Freire-Suite-Prox à Metrô- FSP-USPClínicas,"Cancelamento gratuito
Cancelamento gratuito","22 – 27 de jun.
22 – 27 de jun.",por 5 noites,R$787,"4,97 de uma avaliação média de 5, 32 avaliações
4,97 (32)"
Loft em Centro Histórico de São Paulo,Estúdio encantador que não está olhando para SP high corn,"Cancelamento gratuito
Cancelamento gratuito","12 – 17 de jul.
12 – 17 de jul.",por 5 noites,R$1.027,"4,93 de uma avaliação média de 5, 339 avaliações
4,93 (339)"
Casa de hóspedes em Ibiúna,Vivenda na Mata,"Cancelamento gratuito
Cancelamento gratuito","22 – 27 de jun.
22 – 27 de jun.",por 5 noites,R$1.797,"4,96 de uma avaliação média de 5, 54 avaliações
4,96 (54)"
Apartamento em São Paulo,Estúdio Moderno com piscina e academia próx metrô,"Cancelamento gratuito
Cancelamento gratuito","22 – 27 de jul.
22 – 27 de jul.",por 5 noites,R$1.300,"4,93 de uma avaliação média de 5, 69 avaliações
4,93 (69)"
